Afinidad electronica,Potencial de ionizacion,Electronegatividad,Potencial quimico,Electrofilicidad,Dureza,Blandura,Homo ,Lumo,Poder electrodonador,Poder electroaceptor,Electrofilicidad neta,Nucleofilicidad,Peso molecular,LOGP,Angulos rotables,Aceptores,Donadores,Area superficial,Solubilidad acuosa,Permeabilidad Caco2 ,Intestinal absorption (human),Skin Permeability,P-glycoprotein substrate,P-glycoprotein I inhibitor,P-glycoprotein II inhibitor,VDss (human),Fraction unbound (human),BBB permeability,CNS permeability,CYP2D6 substrate,CYP3A4 substrate,CYP1A2 inhibitior,CYP2C19 inhibitior,CYP2C9 inhibitior,CYP2D6 inhibitior,CYP3A4 inhibitior,Total Clearance,AMES toxicity,Max. tolerated dose (human),hERG I inhibitor,hERG II inhibitor,Oral Rat Acute Toxicity (LD50),Oral Rat Chronic Toxicity (LOAEL),Hepatotoxicity,Skin Sensitisation,Volume
-1.683706049,7.131059297,2.723609044,-2.723609044,0.841547782,4.407382673,0.22689203,-5.562867388,0.1156493,2.754350691,0.030674067,2.785024757,3.229632612,218.256,1.5521,3,2,3,93.288,-2.65,0.707,90.836,-3.064,1,0,0,0.277,0.337,-0.217,-2.496,0,0,1,0,0,0,0,0.54,0,0.773,0,0,2.298,1.129,0,0,204.7
-1.129969581,7.536062955,3.147565772,-3.147565772,1.143218681,4.333016268,0.230786117,-5.938115352,-0.357016192,3.327026394,0.123979707,3.4510061,2.854384648,235.308,1.5966,2,4,4,99.908,-2.361,1.152,96.64,-2.861,0,0,0,0.646,0.513,0.132,-3.644,1,0,0,0,0,0,0,1.192,0,-0.177,0,0,2.616,1.396,0,0,212
-1.433309477,7.601905585,3.059672304,-3.059672304,1.036123052,4.517607531,0.221356103,-6.028457864,-0.090886744,3.159718596,0.075420542,3.235139139,2.764042136,203.31,2.1854,2,2,2,90.319,-2.317,1.339,92.975,-2.257,0,0,0,1.162,0.533,0.733,-1.802,1,0,0,0,0,0,0,1.338,0,0.062,0,0,2.689,1.769,1,0,196.9
-1.764297121,7.213380537,2.663607466,-2.663607466,0.790271717,4.488838829,0.222774762,-5.558513532,0.2312986,2.750218439,0.025676731,2.775895171,3.233986468,186.258,1.4789,2,2,2,84.504,-1.973,1.293,94.717,-2.989,1,0,0,1.056,0.552,-0.076,-1.773,0,0,0,0,0,0,0,1.313,0,0.091,0,0,2.739,1.953,0,0,189.6
-2.090012816,7.048620068,2.459792582,-2.459792582,0.662088041,4.569316442,0.218851115,-5.245852248,0.326267084,2.483449414,0.004145788,2.487595202,3.546647752,169.136,0.4087,0,5,3,67.946,-1.486,0.709,76.548,-2.97,0,0,0,-0.141,0.656,-0.912,-3.393,0,0,0,0,0,0,0,0.221,1,0.329,0,0,1.962,1.602,0,0,138.7
-2.243531275,7.373545919,2.53680141,-2.53680141,0.669159794,4.808538597,0.207963393,-5.579194348,0.505591528,2.567693867,0.002686545,2.570380412,3.213305652,186.119,0.2377,0,6,4,72.195,-1.784,0.193,52.148,-2.834,0,0,0,0.14,0.524,-1.373,-3.789,0,0,0,0,0,0,0,0.347,0,-0.312,0,0,1.826,2.886,0,0,143.3
-2.392224465,7.117553799,2.339109136,-2.339109136,0.575347963,4.754889132,0.210309846,-5.3334736,0.655255328,2.362687638,2.29706E-05,2.362710608,3.4590264,185.135,0.1143,0,6,4,72.74,-1.788,0.194,60.108,-2.759,0,0,0,-0.269,0.474,-1.253,-4.177,0,0,0,0,0,0,0,0.245,0,0.757,0,0,2.375,2.734,0,0,146.9
-2.370501744,7.24942173,2.420063646,-2.420063646,0.608810254,4.809961737,0.207901862,-5.463272932,0.62314564,2.439583571,0.000123578,2.439707149,3.329227068,185.135,0.1143,0,6,4,72.74,-1.89,0.152,64.925,-2.782,1,0,0,-0.273,0.7,-1.284,-4.191,0,0,0,0,0,0,0,0.18,0,0.395,0,0,2.091,2.572,0,0,145.8
0.572539166,7.876641055,4.173715208,-4.173715208,2.384947377,3.652050944,0.273818743,-6.402345248,-1.945085168,5.012245104,0.787654993,5.799900097,2.390154752,224.259,3.2883,3,2,1,99.849,-3.99,1.425,93.174,-2.23,0,0,0,0.187,0,0.181,-1.56,0,1,1,1,0,0,0,0.2,0,0.828,0,0,1.99,2.543,0,1,218.4
0.429525419,7.471892941,3.888265524,-3.888265524,2.146807695,3.521183761,0.283995403,-5.99471548,-1.781815568,4.631817312,0.681108132,5.312925443,2.79778452,240.258,2.9939,3,3,2,104.644,-3.239,1.281,90.2,-2.746,1,0,0,0.057,0.03,-0.169,-2.097,0,1,1,1,1,0,1,0.117,0,0.46,0,0,2.032,1.97,0,0,223
0.527412047,7.652499623,4.088406842,-4.088406842,2.345945973,3.562543788,0.280698304,-6.295131544,-1.88168214,4.838019839,0.748064004,5.586083843,2.497368456,240.258,2.9939,3,3,2,104.644,-3.245,1.246,92.355,-2.936,1,0,0,0.119,0.096,-0.18,-2.074,0,0,1,1,1,0,1,0.186,0,0.452,0,0,2.113,1.817,0,0,223.5
0.567715448,7.715358936,4.113305456,-4.113305456,2.367113273,3.573821744,0.279812501,-6.287512296,-1.939098616,4.917214535,0.775677343,5.692891877,2.504987704,240.258,2.9939,3,3,2,104.644,-3.301,1.316,90.77,-2.81,0,0,0,-0.205,0.116,0.045,-2.045,0,0,1,1,1,0,0,0.203,0,0.393,0,0,1.946,2.225,0,0,226.2
-0.04292385,7.093859217,3.569209514,-3.569209514,1.785013841,3.568391533,0.280238306,-5.622460792,-1.515958236,3.950312864,0.42484518,4.375158044,3.170039208,242.252,1.673,3,5,4,97.014,-1.703,0.906,91.009,-2.754,1,0,0,-0.35,0.397,-1.08,-3.451,0,0,0,0,0,0,0,0.216,0,0.392,0,0,1.809,2.773,0,0,193.3
0.01038411,7.425757088,3.722682938,-3.722682938,1.868870021,3.707686489,0.269709967,-5.88995082,-1.555415056,4.186738007,0.468667408,4.655405414,2.90254918,210.185,1.2042,3,4,3,85.859,-1.937,0.082,65.435,-2.749,1,0,0,-0.449,0.49,-0.894,-3.398,0,0,0,0,0,0,0,0.785,0,0.493,0,0,1.981,2.177,0,0,180.6
-0.503915212,7.647695524,3.548120524,-3.548120524,1.544376892,4.075805368,0.245350283,-5.94301344,-1.153227608,3.860559186,0.28866903,4.149228216,2.84948656,161.16,1.646,0,3,2,68.921,-1.845,1.24,92.281,-2.585,0,0,0,-0.047,0.398,0.373,-2.868,0,0,1,0,0,0,0,0.669,1,0.728,0,0,2.184,2.886,0,0,141.7
-0.853808822,7.309647259,3.18783894,-3.18783894,1.244854753,4.081728041,0.244994275,-5.84641226,-0.52926562,3.40052994,0.172610721,3.573140661,2.94608774,290.359,2.9392,3,4,2,124.56,-2.848,1.327,91.969,-3.51,0,0,0,0.153,0.188,-0.205,-2.199,0,1,0,1,0,0,0,0.259,0,0.238,0,0,2.394,1.472,0,0,265.1
-0.942178928,7.23776292,3.125660434,-3.125660434,1.194354841,4.089970924,0.244500516,-5.800424656,-0.450896212,3.29647059,0.148678594,3.445149184,2.992075344,274.36,3.0594,3,3,2,119.447,-2.891,1.293,93.208,-3.095,0,0,0,0.477,0.165,-0.237,-2.151,0,1,1,1,0,0,0,0.242,0,0.156,0,0,2.399,1.691,0,0,259
-0.489632442,7.844088934,3.672341478,-3.672341478,1.618255678,4.166860688,0.239988825,-6.278804584,-1.065878372,3.982037063,0.304808817,4.28684588,2.513695416,196.158,1.0813,2,4,4,79.175,-1.55,0.038,51.37,-2.757,1,0,0,-0.396,0.387,-1.085,-3.433,0,0,0,0,0,0,0,0.706,0,0.722,0,0,1.848,2.679,0,0,168.3
-0.118500668,7.631814181,3.749486364,-3.749486364,1.813945403,3.875157424,0.258054033,-6.098663792,-1.400308936,4.183612951,0.426956194,4.610569145,2.693836208,252.222,0.9111,4,5,3,102.751,-1.811,0.335,65.279,-2.745,1,0,0,-0.598,0.298,-1.154,-3.38,0,0,0,0,0,0,0,0.807,0,0.39,0,0,1.94,2.474,0,0,212.4
0.867724589,7.310709001,4.089359248,-4.089359248,2.595514437,3.221492206,0.310415154,-6.022471312,-2.156247184,5.042628534,0.953411739,5.996040273,2.770028688,342.303,2.46324,2,7,4,140.57,-3.641,0.868,73.258,-2.738,1,0,0,0.554,0.089,-1.23,-3.009,0,0,1,0,0,0,0,0.599,1,0.695,0,1,2.332,1.901,0,0,285.4
