Nombre,Afinidad electr??nica,Potencial de Ionizaci??n,Electronegatividad,Potencial Qu??mico,Electrofilicidad,Dureza,Blandura,Homo ,Lumo,Poder electrodonador,poder electroaceptor,Electrofilicidad neta,Nucleofilicidad,MOL_WEIGHT,LOGP,#ROTATABLE_BONDS,#ACCEPTORS,#DONORS,SURFACE_AREA,Water solubility,Caco2 permeability,Intestinal absorption (human),Skin Permeability
TAM-Hydroxyl,0.75,5.73,3.24,-3.24,2.11,2.49,0.4016,-5.73,-0.75,0.7992,4.0392,4.8384,3.0625,344.45,5.4268,7,2,1,154.953,-6.195,1.257,99.332,-2.734
TAM-Amide,0.77,5.7,3.23,-3.23,2.12,2.46,0.4065,-5.7,-0.77,0.8134,4.0484,4.8618,3.0925,399.52,5.9128,8,2,0,179.175,-6.437,1.439,100,-2.731
TAM-Carboxyl,0.77,5.72,3.24,-3.24,2.13,3.48,0.2874,-5.72,-0.77,0.8142,4.0592,4.8733,3.0725,372.46,5.9092,8,2,1,165.48,-5.137,1.427,100,-2.735
TAM-Sulfhydriyl,0.77,5.74,3.26,-3.26,2.13,2.5,0.4,-5.74,-0.77,0.8149,4.0699,4.8848,3.0525,360.51,6.3643,7,2,1,161.314,-6.446,1.247,98.283,-2.738
Mirabamide A,1.17,6.36,3.6281,-3.6281,1.3389,4.9155,0.2034,-6.36,-1.17,1.1731,4.9381,6.1113,2.4325,1597.22,-5.5937,29,26,18,648.8,-2.892,-0.825,0,-2.735
Mirabamide B,1.09,6.1,3.5956,-3.5956,1.2894,5.0132,0.1995,-6.1,-1.09,1.0953,4.6903,5.7855,2.6925,1580.19,-4.4057,28,25,17,642.77,-2.892,-0.862,0,-2.735
Mirabamide C,0.99,6.26,3.6227,-3.6227,1.246,5.2665,0.1899,-6.26,-0.99,1.0104,4.6354,5.6457,2.5325,1451.08,-4.0944,27,22,16,591.8,-2.892,-0.717,0,-2.735
Mirabamide D,1.03,6.19,3.6066,-3.6066,1.2615,5.1555,0.194,-6.19,-1.03,1.0431,4.6531,5.6962,2.6025,1562.78,-4.41,29,38,20,576.45,-2.892,-0.873,0,-2.735
Mirabamide E,1.21,6.07,3.6397,-3.6397,1.3617,4.864,0.2056,-6.07,-1.21,1.21,4.85,6.06,2.7225,1579.21,-3.13,28,37,19,556.23,-2.892,-0.783,0,-2.735
Mirabamide F,1.06,6.13,3.5969,-3.5969,1.2771,5.0654,0.1974,-6.13,-1.06,1.0685,4.6635,5.732,2.6625,1563.21,-2.19,28,36,18,536,-2.892,-0.661,0,-2.735
Mirabamide G,0.96,6.16,3.5582,-3.5582,1.2181,5.1968,0.1924,-6.16,-0.96,0.9822,4.5422,5.5245,2.6325,1433.07,-2.36,26,33,17,497.3,-2.891,-0.676,0,-2.735
Mirabamide H,1.23,6.13,3.6822,-3.6822,1.3844,4.897,0.2042,-6.13,-1.23,1.23,4.91,6.14,2.6625,1417.07,-1.41,26,32,16,477.07,-2.891,-0.553,0,-2.735
Elisidepsin,1.576,6.539,4.0576,-4.0576,1.6581,4.9647,0.2014,-6.539,-1.576,1.5986,5.6561,7.2548,2.2535,1477.899,1.8364,33,17,14,619.778,-2.892,1.229,0,-2.735
Plitidepsin,2.199,6.128,4.1636,-4.1636,2.205,3.931,0.2544,-6.128,-2.199,2.5758,6.7393,9.3151,2.6645,1110.357,2.5247,15,15,4,464.626,-2.921,0.988,32.515,-2.735
Leucine enkephalin (MN12SX),0.83,6.16,3.4976,-3.4976,1.1471,5.3321,0.1875,-6.16,-0.83,0.8774,4.3724,5.2497,2.6325,555.63,-0.85,15,12,8,199.94,-2.985,-0.642,11.286,-2.735
Leucine enkephalin (N12SX),0.68,5.88,3.2797,-3.2797,1.034,5.2015,0.1923,-5.88,-0.68,0.7539,4.0339,4.7878,2.9125,555.63,-0.85,15,12,8,199.94,-2.985,-0.642,11.286,-2.735
Soblidotin,0.7353,6.306,3.5206,-3.5206,1.1125,5.5707,0.1795,-6.306,-0.7353,0.8129,4.3335,5.1464,2.4865,701.994,3.9926,20,7,2,301.721,-4.037,0.774,60.618,-2.712
Tasidotin,0.649,6.279,3.464,-3.464,1.0657,5.63,0.1776,-6.279,-0.649,0.7512,4.2152,4.9664,2.5135,606.853,2.0931,11,6,2,258.987,-3.319,0.672,47.281,-2.719
Histidine,0.043,0.219,3.5551,-3.5551,1.3182,4.7941,0.2086,-0.219,-0.043,0.043,0.174,0.217,8.5735,155.16,-3,3,5,4,92,-2.892,-0.417,50.754,-2.735
Phenylalanine,0.042,0.249,3.9521,-3.9521,1.3896,5.6202,0.1779,-0.249,-0.042,0.0425,0.188,0.2304,8.5435,165.19,-1.23,3,3,3,63.32,-2.89,0.62,76.21,-2.734
Tryptophan,0.044,0.206,3.398,-3.398,1.31,4.4069,0.2269,-0.206,-0.044,0.0441,0.1691,0.2132,8.5865,204.23,-1.08,3,4,4,79.11,-2.891,0.638,77.224,-2.735
Tyrosine,0.042,0.226,3.6407,-3.6407,1.3206,5.0186,0.1993,-0.226,-0.042,0.0421,0.1761,0.2182,8.5665,181.19,-1.71,3,4,4,83.55,-2.89,0.553,73.014,-2.735
Oxytocin,0.763,6.082,3.4225,-3.4225,1.1011,5.319,0.188,-6.082,-0.763,0.8234,4.2459,5.0693,2.7105,1007.207,-3.6086,17,15,12,407.108,-2.886,0.986,0,-2.735
Vasopressin,0.815,6.13,3.4725,-3.4725,1.1344,5.315,0.1881,-6.13,-0.815,0.8647,4.3372,5.2018,2.6625,2140.492,-9.7336,38,32,27,865.687,-2.892,0.009,0,-2.735
Parasin I (MN12SX),1.25,5.96,3.6062,-3.6062,1.3829,4.7019,0.2127,-5.96,-1.25,1.2511,4.8561,6.1072,2.8325,2000.348,-15.58819,76,32,38,810.709,-2.892,-2.005,0,-2.735
Parasin I (N12SX),1.11,5.62,3.3656,-3.3656,1.2577,4.5032,0.2221,-5.62,-1.11,1.1101,4.4751,5.5851,3.1725,2000.348,-15.58819,76,32,38,810.709,-2.892,-2.005,0,-2.735
Cholecystokinin peptide hormone (CCK-8) (MN12SX),1.002,5.62,3.3101,-3.3101,1.1866,4.617,0.2166,-5.62,-1.002,2.5383,1.2258,3.7641,3.1725,1143.29,-4.06,33,16,15,4626.8,-2.892,-1.049,0,-2.735
Cholecystokinin peptide hormone (CCK-8) (N12SX),0.824,5.39,3.1067,-3.1067,1.0571,4.565,0.2191,-5.39,-0.824,2.3244,1.0754,3.3998,3.4025,1143.29,-4.06,33,16,15,4626.8,-2.892,-1.049,0,-2.735
Taltobulin,1.733,6.24,3.986,-3.986,1.763,4.507,0.2219,-6.24,-1.733,5.8,1.814,7.614,2.5525,473.66,4.43,11,7,3,98.73,-3.383,0.381,47.847,-2.733
FAR,2.838,7.051,4.945,-4.945,2.902,4.212,0.2374,-7.051,-2.838,8.54,3.595,12.135,1.7415,392.46,-1.10623,11,5,7,163.104,-2.864,-0.537,11.604,-2.735
FAY,3.285,6.223,4.754,-4.754,3.846,2.938,0.3404,-6.223,-3.285,10.252,5.498,15.75,2.5695,399.447,0.5788,9,5,5,168.286,-2.888,-0.454,34.839,-2.735
FVY,1.753,6.254,4.003,-4.003,1.78,4.501,0.2222,-6.254,-1.753,5.844,1.84,7.684,2.5385,427.501,1.2149,10,5,5,181.016,-2.922,-0.415,35.899,-2.735
FWC,1.733,5.634,3.683,-3.683,1.739,3.901,0.2563,-5.634,-1.733,5.563,1.88,7.443,3.1585,454.552,1.2644,10,5,6,190.537,-3.024,-0.442,32.886,-2.735
FWY,3.184,5.634,4.409,-4.409,3.968,2.45,0.4082,-5.634,-3.184,10.294,5.885,16.179,3.1585,514.582,2.2829,11,5,6,219.234,-3.021,-0.562,41.682,-2.735
Alaviroidin,1.7,6.072,3.886,-3.886,1.727,4.372,0.2287,-6.072,-1.7,5.67,1.784,7.454,2.7205,866.948,-5.0045,8,14,12,344.68,-2.779,-0.408,0,-2.735
Deoxoviroidin,1.467,5.929,3.698,-3.698,1.533,4.462,0.2241,-5.929,-1.467,5.193,1.495,6.688,2.8635,880.975,-5.5148,9,14,13,352.588,-2.855,0.965,0,-2.735
Deoxoviroisin,1.228,5.681,3.454,-3.454,1.34,4.453,0.2246,-5.681,-1.228,4.685,1.231,5.916,3.1115,896.974,-6.5424,10,15,14,357.382,-2.868,0.27,0,-2.735
Viroidin,1.622,6.056,3.839,-3.839,1.662,4.434,0.2255,-6.056,-1.622,5.52,1.682,7.202,2.7365,896.974,-5.8487,9,15,13,355.839,-2.859,0.903,0,-2.735
Viroisin,1.593,5.888,3.74,-3.74,1.629,4.295,0.2328,-5.888,-1.593,5.396,1.655,7.051,2.9045,912.973,-6.8763,10,16,14,360.634,-2.872,0.175,0,-2.735
Phallacidin,1.0147,5.3332,3.1739,-3.1739,1.1664,4.3184,0.2316,-5.3332,-1.0147,4.1896,1.0157,5.2053,3.4593,846.917,-4.0449,6,13,12,341.334,-2.89,-0.702,0,-2.735
Phallacin,0.9451,5.2981,3.1216,-3.1216,1.1192,4.353,0.2297,-5.2981,-0.9451,4.0713,0.9498,5.0211,3.4944,830.918,-3.0173,5,12,11,336.539,-2.9,-0.632,0,-2.735
Phallisacin,1.0531,5.2907,3.1719,-3.1719,1.1871,4.2376,0.236,-5.2907,-1.0531,4.225,1.0531,5.2781,3.5018,862.916,-5.0725,7,14,13,346.128,-2.885,-0.859,0,-2.735
Phallisin,0.8528,5.1318,2.9923,-2.9923,1.0463,4.279,0.2337,-5.1318,-0.8528,3.8561,0.8638,4.7199,3.6607,804.88,-4.7733,5,13,12,324.442,-2.69,-0.462,0,-2.735
Phalloidin,0.886,5.1459,3.016,-3.016,1.0676,4.2599,0.2347,-5.1459,-0.886,3.9095,0.8935,4.803,3.6466,788.881,-3.7457,4,12,11,319.648,-2.763,-0.12,7.261,-2.735
Phalloin,1.2944,5.67,3.4822,-3.4822,1.3856,4.3756,0.2285,-5.67,-1.2944,4.7859,1.3036,6.0895,3.1225,772.882,-2.7181,3,11,10,314.854,-2.832,-0.065,13.115,-2.735
Prophalloin,1.255,5.6303,3.4426,-3.4426,1.3544,4.3753,0.2286,-5.6303,-1.255,4.7036,1.2609,5.9645,3.1622,756.883,-1.6889,3,10,9,310.059,-2.912,-0.163,26.14,-2.735
Papuamide A,1.3679,6.233,3.8005,-3.8005,1.4844,4.8651,0.2055,-6.233,-1.3679,5.1731,1.3726,6.5457,2.5595,1416.64,-3.73,27,34,18,517.53,-2.891,-0.733,0,-15.67
Papuamide B,0.9578,6.2099,3.5839,-3.5839,1.2228,5.2521,0.1904,-6.2099,-0.9578,4.5657,0.9819,5.5476,2.5826,1402.61,-3.97,27,34,19,526.32,-2.891,-0.745,0,-15.71
Papuamide C,1.2773,6.1394,3.7084,-3.7084,1.4142,4.8621,0.2057,-6.1394,-1.2773,4.9865,1.2781,6.2646,2.6531,1399.61,-1.86,26,33,16,491.51,-2.891,-0.77,0,-14.62
Papuamide D,1.4942,6.0954,3.7948,-3.7948,1.5648,4.6012,0.2173,-6.0954,-1.4942,5.3146,1.5199,6.8345,2.6971,1385.58,-2.11,26,33,17,500.3,-2.892,-0.022,0,-14.66
Papuamide E,1.6403,6.0698,3.855,-3.855,1.6776,4.4295,0.2258,-6.0698,-1.6403,5.5595,1.7044,7.2639,2.7227,1383.61,-0.97,26,32,15,471.98,-2.891,-1.275,0,-13.85
Papuamide F,1.3361,6.0219,3.679,-3.679,1.4442,4.6858,0.2134,-6.0219,-1.3361,5.0208,1.3419,6.3627,2.7706,1369.58,-1.22,26,32,16,480.07,-2.891,-0.989,0,-13.9
Seragamide A,0.9587,6.2902,3.6244,-3.6244,1.232,5.3315,0.1876,-6.2902,-0.9587,4.6093,0.9849,5.5942,2.5023,671.57,3.69,3,10,4,145.27,-5.289,-0.154,51.793,-7.52
Seragamide B,0.7535,6.3789,3.5662,-3.5662,1.1304,5.6254,0.1778,-6.3789,-0.7535,4.3954,0.8293,5.2247,2.4136,624.57,3.42,3,10,4,145.27,-6.14,0.055,60.436,-7.21
Seragamide C,0.7799,6.3247,3.5523,-3.5523,1.1379,5.5449,0.1803,-6.3247,-0.7799,4.3985,0.8462,5.2447,2.4678,580.12,3.29,3,10,4,145.27,-6.09,0.061,60.7,-6.98
Seragamide D,1.3241,6.2567,3.7904,-3.7904,1.4564,4.9326,0.2027,-6.2567,-1.3241,5.1162,1.3528,6.469,2.5358,657.55,3.36,3,10,4,145.27,-5.95,0.05,57.879,-7.56
Seragamide E,1.0841,6.3422,3.7131,-3.7131,1.3111,5.2581,0.1902,-6.3422,-1.0841,4.8073,1.0942,5.9015,2.4503,640.57,2.44,4,11,5,165.49,-5.789,0.086,54.588,-7.65
Seragamide F,0.8504,6.3038,3.5771,-3.5771,1.1732,5.4534,0.1834,-6.3038,-0.8504,4.4757,0.8986,5.3743,2.4887,642.19,3.73,3,10,4,145.27,-6.523,0.064,71.237,-6.83
Astaxanthin (agua MN12SX),3.08,4.81,3.95,-3.95,4.49,1.73,0.578034682,-4.81,-3.08,11.06,7.11,18.17,3.9825,596.85,8.6,10,4,2,74.6,-7.235,1.013,90.403,-2.874
Astaxanthin (agua N12SX),2.89,4.58,3.73,-3.73,4.11,1.69,0.591715976,-4.58,-2.89,10.2,6.47,16.67,4.2125,596.85,8.6,10,4,2,74.6,-7.235,1.013,90.403,-2.874
 ?-cryptoxanthin (agua MN12SX),2.76,4.61,3.68,-3.68,3.68,1.85,0.540540541,-4.61,-2.76,9.31,5.63,14.94,4.1825,552.89,9.64,10,1,1,20.23,-7.845,1.107,86.42,-2.776
 ?-cryptoxanthin (agua N12SX),2.56,4.37,3.47,-3.47,3.32,1.81,0.552486188,-4.37,-2.56,8.49,5.02,13.51,4.4225,552.89,9.64,10,1,1,20.23,-7.845,1.107,86.42,-2.776
Fucoxanthin (agua MN12SX),2.96,4.89,3.93,-3.93,4,1.93,0.518134715,-4.89,-2.96,10.08,6.15,16.23,3.9025,658.92,8.49,12,6,2,96.36,-6.795,1.628,85.945,-2.911
Fucoxanthin (agua N12SX),2.78,4.66,3.72,-3.72,3.67,1.89,0.529100529,-4.66,-2.78,9.32,5.6,14.92,4.1325,658.92,8.49,12,6,2,96.36,-6.795,1.628,85.945,-2.911
Myxol (agua MN12SX),2.99,4.5,3.74,-3.74,4.63,1.51,0.662251656,-4.5,-2.99,11.23,7.48,18.71,4.2925,584.88,9.17,13,3,3,60.68,-7.145,1.07,89.16,-2.791
Myxol (agua N12SX),2.79,4.27,3.53,-3.53,4.2,1.48,0.675675676,-4.27,-2.79,10.25,6.72,16.97,4.5225,584.88,9.17,13,3,3,60.68,-7.145,1.07,89.16,-2.791
Siphonaxanthin (agua MN12SX),3.06,4.86,3.96,-3.96,4.37,1.8,0.555555556,-4.86,-3.06,10.82,6.86,17.68,3.9325,600.88,8.32,12,4,3,77.75,-6.975,1.007,90.678,-2.844
Siphonaxanthin (agua N12SX),2.87,4.63,3.75,-3.75,4.01,1.75,0.571428571,-4.63,-2.87,10.01,6.26,16.27,4.1625,600.88,8.32,12,4,3,77.75,-6.975,1.007,90.678,-2.844
Siphonein (agua MN12SX),3.02,4.9,3.96,-3.96,4.17,1.88,0.531914894,-4.9,-3.02,10.44,6.48,16.92,3.8925,781.17,9.96,23,5,2,83.83,-5.161,0.866,86.155,-2.734
Siphonein (agua N12SX),2.83,4.66,3.75,-3.75,3.83,1.83,0.546448087,-4.66,-2.83,9.65,5.91,15.56,4.1325,781.17,9.96,23,5,2,83.83,-5.161,0.866,86.155,-2.734
Zeaxanthin (agua MN12SX),2.79,4.58,3.69,-3.69,3.79,1.79,0.558659218,-4.58,-2.79,9.54,5.86,15.4,4.2125,568.89,9.39,10,2,2,40.46,-7.662,1.097,87.853,-2.812
Zeaxanthin (agua N12SX),2.59,4.35,3.47,-3.47,3.42,1.76,0.568181818,-4.35,-2.59,8.69,5.23,13.92,4.4425,568.89,9.39,10,2,2,40.46,-7.662,1.097,87.853,-2.812
Hemiasterlin,1.907,5.452,3.679,-3.679,1.909,3.545,0.282087447,-5.452,-1.907,5.88,2.2,8.08,3.3405,526.72,4.65,11,8,3,103.67,-5.94,0.853,68.914,-3.021
Hemiasterlin A,1.907,5.542,3.724,-3.724,1.908,3.635,0.275103164,-5.542,-1.907,5.906,2.181,8.087,3.2505,512.7,4.58,11,8,4,114.52,-5.851,0.722,69.639,-3.027
Hemiasterlin B,1.927,5.471,3.699,-3.699,1.931,3.544,0.282167043,-5.471,-1.927,5.932,2.233,8.165,3.3215,498.67,4,11,8,4,114.52,-5.567,0.598,68.732,-2.999
à-amanitin,1.1657,5.476,3.3209,-3.3209,1.2793,4.3103,0.232002413,-5.476,-1.1657,4.4884,1.1675,5.6559,3.3165,918.984,-5.9202,7,14,13,367.572,-3.137,0.678,17.032,-2.735
?-amanitin,1.3543,5.5987,3.4765,-3.4765,1.4238,4.2444,0.235604561,-5.5987,-1.3543,4.8511,1.3746,6.2257,3.1938,919.968,-5.3209,7,14,13,367.026,-3.159,0.653,19.911,-2.735
?-amanitin,1.3856,5.6172,3.5014,-3.5014,1.4486,4.2316,0.236317232,-5.6172,-1.3856,4.9124,1.411,6.3234,3.1753,902.985,-4.8926,6,13,12,362.777,-3.222,0.638,22.591,-2.735
?-amanitin,1.311,5.5495,3.4303,-3.4303,1.3881,4.2384,0.23593809,-5.5495,-1.311,4.7562,1.326,6.0822,3.243,903.969,-4.2933,6,13,12,362.232,-3.25,0.612,25.47,-2.735
amanullinic acid,1.3129,5.5792,3.4461,-3.4461,1.3918,4.2662,0.234400638,-5.5792,-1.3129,4.7732,1.3272,6.1004,3.2133,887.97,-3.2641,6,12,11,357.437,-3.361,0.571,30.961,-2.735
amanin,1.4944,5.8959,3.6952,-3.6952,1.5511,4.4014,0.227200436,-5.8959,-1.4944,5.2249,1.5297,6.7546,2.8966,903.969,-5.0265,7,13,12,362.232,-3.223,0.657,22.13,-2.735
amaninamide,1.4588,5.873,3.6659,-3.6659,1.5222,4.4142,0.226541616,-5.873,-1.4588,5.1533,1.4874,6.6407,2.9195,902.985,-5.6258,7,13,12,362.777,-3.196,0.682,19.251,-2.735
amanullin,1.2972,5.5615,3.4293,-3.4293,1.3789,4.2643,0.234505077,-5.5615,-1.2972,4.739,1.3097,6.0487,3.231,886.986,-3.8634,6,12,11,357.983,-3.326,0.596,28.082,-2.735
proamanullin,1.3184,5.5547,3.4365,-3.4365,1.3939,4.2363,0.236055048,-5.5547,-1.3184,4.7708,1.3343,6.1051,3.2378,870.987,-2.8342,6,11,10,353.189,-3.453,0.555,33.573,-2.735
Pristinamycin IA,2.36,5.71,4.04,-4.04,2.43,3.35,0.298507463,-5.71,-2.36,7.09,3.05,10.14,3.0825,866.973,1.27,7,12,4,364.855,-3.964,0.561,56.813,-2.74
Pristinamycin IB,2.22,5.58,3.9,-3.9,2.27,3.36,0.297619048,-5.58,-2.22,6.69,2.79,9.48,3.2125,852.946,1.2457,7,12,5,358.28,-3.966,0.526,57.51,-2.74
Pristinamycin IIA,2.15,6.08,4.11,-4.11,2.15,3.93,0.254452926,-6.08,-2.15,6.61,2.49,9.1,2.7125,525.602,2.6594,1,8,2,221.662,-5.976,0.074,68.873,-3.244
Pristinamycin IIB,1.74,6.23,3.99,-3.99,1.77,4.49,0.222717149,-6.23,-1.74,5.82,1.83,7.65,2.5625,527.618,2.3917,1,8,2,222.352,-5.886,0.091,67.535,-3.247
"1,3,5-triaryl-2-pyrazoline (1 alkyl unit)",1.596,4.837,3.2161,-3.2161,1.5958,3.2409,0.308556265,-4.837,-1.596,5.0021,1.786,6.7881,3.9555,374.613,6.0269,4,3,0,166.848,-6.534,1.152,92.924,-2.831
"1,3,5-triaryl-2-pyrazoline (2 alkyl unit)",1.601,4.848,3.2243,-3.2243,1.6009,3.2469,0.307986079,-4.848,-1.601,5.0169,1.7926,6.8095,3.9445,388.64,6.417,5,3,0,173.213,-6.706,1.139,92.505,-2.861
"1,3,5-triaryl-2-pyrazoline (3 alkyl unit)",1.603,4.842,3.2222,-3.2222,1.6028,3.239,0.308737265,-4.842,-1.603,5.0191,1.7969,6.816,3.9505,402.667,6.8071,6,3,0,179.578,-6.801,1.135,92.113,-2.905
"1,3,5-triaryl-2-pyrazoline (4 alkyl unit)",1.599,4.839,3.219,-3.219,1.5993,3.2395,0.308689613,-4.839,-1.599,5.0105,1.7915,6.802,3.9535,416.694,7.1972,7,3,0,185.943,-6.962,1.126,91.507,-2.918
"1,3,5-triaryl-2-pyrazoline (5 alkyl unit)",1.599,4.84,3.2192,-3.2192,1.599,3.2406,0.30858483,-4.84,-1.599,5.0102,1.7909,6.8011,3.9525,430.721,7.5873,8,3,0,192.308,-7.094,1.135,90.688,-2.918
"1,3,5-triaryl-2-pyrazoline (6 alkyl unit)",1.6,4.842,3.2209,-3.2209,1.6001,3.2417,0.308480118,-4.842,-1.6,5.0132,1.7924,6.8056,3.9505,444.748,7.9774,9,3,0,198.673,-7.226,1.144,90.113,-2.914
"1,3,5-triaryl-2-pyrazoline (7 alkyl unit)",1.604,4.849,3.2262,-3.2262,1.6039,3.2447,0.308194902,-4.849,-1.604,5.0237,1.7975,6.8212,3.9435,458.775,8.3675,10,3,0,205.038,-7.333,1.139,89.784,-2.9
"1,3,5-triaryl-2-pyrazoline (8 alkyl unit)",1.7,1.605,3.228,-3.228,1.6055,3.245,0.30816641,-1.605,-1.7,5.0278,1.7999,6.8277,7.1875,472.802,8.7576,11,3,0,211.403,-7.405,1.135,89.434,-2.885
"1,3,5-triaryl-2-pyrazoline (9 alkyl unit)",1.605,4.85,3.2277,-3.2277,1.6052,3.245,0.30816641,-4.85,-1.605,5.0271,1.7995,6.8266,3.9425,486.829,9.1477,12,3,0,217.768,-7.441,1.13,89.09,-2.865
"1,3,5-triaryl-2-pyrazoline (10 alkyl unit)",1.605,4.85,3.2277,-3.2277,1.6055,3.2449,0.308175907,-4.85,-1.605,5.0276,1.8,6.8276,3.9425,500.856,9.5378,13,3,0,224.133,-7.436,1.126,88.746,-2.841
"1,3,5-triaryl-2-pyrazoline (11 alkyl unit)",1.605,4.85,3.2274,-3.2274,1.6052,3.2444,0.3082234,-4.85,-1.605,5.027,1.7996,6.8266,3.9425,514.883,9.9279,14,3,0,230.498,-7.389,1.121,88.403,-2.818
"1,3,5-triaryl-2-pyrazoline (12 alkyl unit)",1.605,4.849,3.2273,-3.2273,1.6052,3.2441,0.308251903,-4.849,-1.605,5.0269,1.7996,6.8265,3.9435,528.91,10.318,15,3,0,236.863,-7.301,1.117,88.059,-2.797
"1,3,5-triaryl-2-pyrazoline (1 alkyl unit) F-substituted",1.552,4.831,3.1919,-3.1919,1.5536,3.279,0.304971028,-4.831,-1.552,4.908,1.7161,6.6241,3.9615,392.603,5.9749,4,3,0,171.014,-5.876,1.12,94.145,-2.881
"1,3,5-triaryl-2-pyrazoline (2 alkyl unit) F-substituted",1.549,4.824,3.1863,-3.1863,1.5501,3.2749,0.305352835,-4.824,-1.549,4.898,1.7117,6.6097,3.9685,406.63,6.365,5,3,0,177.379,-6.112,1.108,93.947,-2.864
"1,3,5-triaryl-2-pyrazoline (3 alkyl unit) F-substituted",1.548,4.828,3.188,-3.188,1.5491,3.2803,0.304850166,-4.828,-1.548,4.8972,1.7092,6.6064,3.9645,420.657,6.7551,6,3,0,183.744,-6.18,1.104,93.555,-2.889
"1,3,5-triaryl-2-pyrazoline (4 alkyl unit) F-substituted",1.549,4.824,3.1866,-3.1866,1.5506,3.2743,0.30540879,-4.824,-1.549,4.8991,1.7125,6.6116,3.9685,434.684,7.1452,7,3,0,190.109,-6.335,1.095,92.949,-2.896
"1,3,5-triaryl-2-pyrazoline (5 alkyl unit) F-substituted",1.547,4.821,3.1843,-3.1843,1.5485,3.2741,0.305427446,-4.821,-1.547,4.8937,1.7094,6.6031,3.9715,448.711,7.5353,8,3,0,196.474,-6.48,1.104,92.13,-2.903
"1,3,5-triaryl-2-pyrazoline (6 alkyl unit) F-substituted",1.546,4.822,3.1843,-3.1843,1.5477,3.2757,0.305278261,-4.822,-1.546,4.8923,1.708,6.6003,3.9705,462.738,7.9254,9,3,0,202.839,-6.641,1.113,91.555,-2.908
"1,3,5-triaryl-2-pyrazoline (7 alkyl unit) F-substituted",1.546,4.822,3.1837,-3.1837,1.5469,3.2763,0.305222354,-4.822,-1.546,4.8905,1.7067,6.5972,3.9705,476.765,8.3155,10,3,0,209.204,-6.788,1.108,91.226,-2.908
"1,3,5-triaryl-2-pyrazoline (8 alkyl unit) F-substituted",1.547,4.823,3.1847,-3.1847,1.548,3.276,0.305250305,-4.823,-1.547,4.893,1.7083,6.6013,3.9695,490.792,8.7056,11,3,0,215.569,-6.912,1.104,90.876,-2.906
"1,3,5-triaryl-2-pyrazoline (9 alkyl unit) F-substituted",1.548,4.823,3.1854,-3.1854,1.5488,3.2757,0.305278261,-4.823,-1.548,4.8949,1.7096,6.6045,3.9695,504.819,9.0957,12,3,0,221.934,-7.009,1.099,90.532,-2.898
"1,3,5-triaryl-2-pyrazoline (10 alkyl unit) F-substituted",1.548,4.824,3.1859,-3.1859,1.549,3.2763,0.305222354,-4.824,-1.548,4.8958,1.7099,6.6057,3.9685,518.846,9.4858,13,3,0,228.298,-7.072,1.095,90.188,-2.883
"1,3,5-triaryl-2-pyrazoline (11 alkyl unit) F-substituted",1.544,4.822,3.1831,-3.1831,1.5456,3.2776,0.305101294,-4.822,-1.544,4.8876,1.7045,6.5921,3.9705,532.873,9.8759,14,3,0,234.663,-7.101,1.09,89.845,-2.864
"1,3,5-triaryl-2-pyrazoline (12 alkyl unit) F-substituted",1.55,4.828,3.189,-3.189,1.5514,3.2776,0.305101294,-4.828,-1.55,4.9022,1.7132,6.6154,3.9645,546.9,10.266,15,3,0,241.028,-7.093,1.086,89.501,-2.843
"1,3,5-triaryl-2-pyrazoline (1 alkyl unit) Cl-substituted",1.706,4.859,3.2828,-3.2828,1.7091,3.1527,0.317188442,-4.859,-1.706,5.2567,1.9739,7.2306,3.9335,407.042,6.0202,4,3,0,176.462,-6.677,1.164,93.413,-2.633
"1,3,5-triaryl-2-pyrazoline (2 alkyl unit) Cl-substituted",1.703,4.861,3.282,-3.282,1.7056,3.1576,0.316696225,-4.861,-1.703,5.2496,1.9676,7.2172,3.9315,423.085,6.6343,5,3,0,183.517,-6.93,1.145,92.518,-2.658
"1,3,5-triaryl-2-pyrazoline (3 alkyl unit) Cl-substituted",1.708,4.86,3.284,-3.284,1.7111,3.1514,0.317319287,-4.86,-1.708,5.2612,1.9772,7.2384,3.9325,437.112,7.0244,6,3,0,189.882,-7.001,1.142,92.126,-2.697
"1,3,5-triaryl-2-pyrazoline (4 alkyl unit) Cl-substituted",1.704,4.86,3.282,-3.282,1.7068,3.1554,0.316917031,-4.86,-1.704,5.2518,1.9698,7.2216,3.9325,451.139,7.4145,7,3,0,196.247,-7.138,1.132,91.521,-2.724
"1,3,5-triaryl-2-pyrazoline (5 alkyl unit) Cl-substituted",1.702,4.851,3.2768,-3.2768,1.7049,3.1489,0.317571215,-4.851,-1.702,5.2451,1.9683,7.2134,3.9415,465.166,7.8046,8,3,0,202.611,-7.247,1.141,90.701,-2.745
"1,3,5-triaryl-2-pyrazoline (6 alkyl unit) Cl-substituted",1.701,4.851,3.2758,-3.2758,1.7035,3.1497,0.317490555,-4.851,-1.701,5.2418,1.966,7.2078,3.9415,479.193,8.1947,9,3,0,208.976,-7.356,1.15,90.127,-2.76
"1,3,5-triaryl-2-pyrazoline (7 alkyl unit) Cl-substituted",1.703,4.855,3.2787,-3.2787,1.7055,3.1516,0.31729915,-4.855,-1.703,5.2472,1.9685,7.2157,3.9375,493.22,8.5848,10,3,0,215.341,-7.44,1.145,89.797,-2.768
"1,3,5-triaryl-2-pyrazoline (8 alkyl unit) Cl-substituted",1.703,4.854,3.2787,-3.2787,1.7057,3.1511,0.317349497,-4.854,-1.703,5.2478,1.9691,7.2169,3.9385,507.247,8.9749,11,3,0,221.706,-7.488,1.141,89.447,-2.771
"1,3,5-triaryl-2-pyrazoline (9 alkyl unit) Cl-substituted",1.702,4.851,3.2764,-3.2764,1.7047,3.1486,0.317601474,-4.851,-1.702,5.2443,1.9679,7.2122,3.9415,521.274,9.365,12,3,0,228.071,-7.501,1.136,89.103,-2.77
"1,3,5-triaryl-2-pyrazoline (10 alkyl unit) Cl-substituted",1.702,4.854,3.2782,-3.2782,1.7046,3.1522,0.317238754,-4.854,-1.702,5.2453,1.9671,7.2124,3.9385,535.301,9.7551,13,3,0,234.436,-7.475,1.132,88.76,-2.766
"1,3,5-triaryl-2-pyrazoline (11 alkyl unit) Cl-substituted",1.701,4.854,3.2772,-3.2772,1.7032,3.153,0.317158262,-4.854,-1.701,5.242,1.9648,7.2068,3.9385,549.328,10.1452,14,3,0,240.801,-7.407,1.127,88.416,-2.76
"1,3,5-triaryl-2-pyrazoline (12 alkyl unit) Cl-substituted",1.702,4.854,3.2783,-3.2783,1.7049,3.1519,0.317268949,-4.854,-1.702,5.2459,1.9676,7.2135,3.9385,563.355,10.5353,15,3,0,247.166,-7.301,1.123,88.073,-2.754
"1,3,5-triaryl-2-pyrazoline (1 alkyl unit) Br-substituted",1.738,4.866,3.3018,-3.3018,1.7425,3.1282,0.319672655,-4.866,-1.738,5.3315,2.0297,7.3612,3.9265,453.509,6.4003,4,3,0,180.716,-6.877,1.159,92.763,-2.637
"1,3,5-triaryl-2-pyrazoline (2 alkyl unit) Br-substituted",1.738,4.862,3.3003,-3.3003,1.7432,3.1241,0.320092187,-4.862,-1.738,5.3319,2.0316,7.3635,3.9305,467.536,6.7904,5,3,0,187.081,-7.021,1.143,92.344,-2.663
"1,3,5-triaryl-2-pyrazoline (3 alkyl unit) Br-substituted",1.737,-4.868,3.3022,-3.3022,1.7416,3.1307,0.319417383,4.868,-1.737,5.33,2.0277,7.3577,13.6605,481.563,7.1805,6,3,0,193.446,-7.087,1.139,91.952,-2.7
"1,3,5-triaryl-2-pyrazoline (4 alkyl unit) Br-substituted",1.738,4.867,3.3024,-3.3024,1.7428,3.1288,0.319611353,-4.867,-1.738,5.3323,2.03,7.3623,3.9255,495.59,7.5706,7,3,0,199.811,-7.216,1.129,91.346,-2.726
"1,3,5-triaryl-2-pyrazoline (5 alkyl unit) Br-substituted",1.741,4.869,3.305,-3.305,1.746,3.1279,0.319703315,-4.869,-1.741,5.34,2.035,7.375,3.9235,509.617,7.9607,8,3,0,206.176,-7.317,1.139,90.527,-2.746
"1,3,5-triaryl-2-pyrazoline (6 alkyl unit) Br-substituted",1.737,4.866,3.3013,-3.3013,1.7414,3.1293,0.319560285,-4.866,-1.737,5.3289,2.0276,7.3565,3.9265,523.644,8.3508,9,3,0,212.541,-7.417,1.147,89.952,-2.76
"1,3,5-triaryl-2-pyrazoline (7 alkyl unit) Br-substituted",1.734,4.86,3.2972,-3.2972,1.7392,3.1255,0.319948808,-4.86,-1.734,5.3223,2.0251,7.3474,3.9325,537.671,8.7409,10,3,0,218.906,-7.491,1.143,89.623,-2.767
"1,3,5-triaryl-2-pyrazoline (8 alkyl unit) Br-substituted",1.732,4.858,3.2952,-3.2952,1.7369,3.1258,0.319918101,-4.858,-1.732,5.3167,2.0215,7.3382,3.9345,551.698,9.131,11,3,0,225.271,-7.53,1.138,89.273,-2.77
"1,3,5-triaryl-2-pyrazoline (9 alkyl unit) Br-substituted",1.743,4.871,3.307,-3.307,1.748,3.1282,0.319672655,-4.871,-1.743,5.345,2.038,7.383,3.9215,565.725,9.5211,12,3,0,231.636,-7.533,1.134,88.929,-2.769
"1,3,5-triaryl-2-pyrazoline (10 alkyl unit) Br-substituted",1.741,4.867,3.3043,-3.3043,1.7463,3.126,0.319897633,-4.867,-1.741,5.3402,2.0359,7.3761,3.9255,579.752,9.9112,13,3,0,238,-7.497,1.129,88.586,-2.764
"1,3,5-triaryl-2-pyrazoline (11 alkyl unit) Br-substituted",1.737,4.864,3.3007,-3.3007,1.742,3.1271,0.319785104,-4.864,-1.737,5.3298,2.0291,7.3589,3.9285,593.779,10.3013,14,3,0,244.365,-7.421,1.125,88.242,-2.759
"1,3,5-triaryl-2-pyrazoline (12 alkyl unit) Br-substituted",1.736,4.863,3.2995,-3.2995,1.7412,3.1263,0.319866935,-4.863,-1.736,5.3275,2.0279,7.3554,3.9295,607.806,10.6914,15,3,0,250.73,-7.305,1.12,87.898,-2.753
Discodermin A,1.5755,5.6567,3.6339,-3.6339,1.5941,4.1418,0.241440919,-5.6567,-1.5755,5.2672,1.6511,6.9183,3.1358,1705.96,-5.51,35,22,19,657.09,-2.892,-0.423,0,-17.57
Discodermin B,1.4055,5.6589,3.541,-3.541,1.4531,4.3143,0.231787312,-5.6589,-1.4055,4.9652,1.433,6.3982,3.1336,1691.933,-5.37,36,22,18,648.3,-2.892,1.158,0,-17.88
Discodermin C,1.3674,5.6347,3.5524,-3.5524,1.4816,4.259,0.234796901,-5.6347,-1.3674,4.8896,1.3885,6.2781,3.1578,1691.933,-5.37,36,22,18,648.3,-2.892,1.158,0,-17.88
Discodermin D,1.4667,5.6793,3.5858,-3.5858,1.504,4.2747,0.233934545,-5.6793,-1.4667,5.0803,1.5073,6.5876,3.1132,1677.906,-5.5,37,22,18,648.3,-2.892,1.162,0,-18.08
Discodermin E,2.1002,5.8352,3.9703,-3.9703,2.1157,3.7254,0.268427551,-5.8352,-2.1002,6.4321,2.4644,8.8965,2.9573,1709.948,-5.71,36,25,18,677.66,-2.892,1.164,0,-18.09
Discodermin F,1.326,5.6423,3.5118,-3.5118,1.4075,4.3812,0.228247969,-5.6423,-1.326,4.8243,1.3401,6.1644,3.1502,1719.987,-5.41,37,22,18,650.36,-2.892,1.263,0,-17.26
Discodermin G,0.9766,5.5677,3.2971,-3.2971,1.1728,4.6348,0.21575904,-5.5677,-0.9766,4.2552,0.983,5.2382,3.2248,1719.987,-5.41,36,22,18,650.36,-2.892,1.264,0,-17.26
Discodermin H,1.1391,5.7182,3.4446,-3.4446,1.276,4.6494,0.215081516,-5.7182,-1.1391,4.5677,1.1391,5.7068,3.0743,1721.959,-5.59,35,23,19,670.59,-2.892,1.266,0,-17.78
theopapuamide A,0.821,6.3114,3.5662,-3.5662,1.1582,5.4904,0.182136092,-6.3114,-0.821,4.4426,0.8764,5.319,2.4811,1558.839,-5.58,36,25,20,663.6,-2.892,0.935,0,-19.3
theopapuamide B,1.071,6.2907,3.6809,-3.6809,1.2979,5.2197,0.191581892,-6.2907,-1.071,4.7624,1.0815,5.8439,2.5018,1600.876,-5.5,37,25,20,666.78,-2.892,0.975,0,-19.37
theopapuamide C,0.8893,6.3125,3.6009,-3.6009,1.1954,5.4232,0.184392978,-6.3125,-0.8893,4.5303,0.9294,5.4597,2.48,1584.877,-5.27,37,24,19,646.45,-2.892,0.942,0,-18.28
theopapuamide D,0.904,6.676,3.79,-3.79,1.2443,5.7721,0.173247172,-6.676,-0.904,4.7443,0.9543,5.6986,2.1165,1598.904,-5.2,38,24,19,646.45,-2.892,0.937,0,-17.98
Amprenavir,1.174,6.144,3.66,-3.66,1.35,4.97,0.201207243,-6.144,-1.174,4.83,1.18,6.01,2.6485,505.637,2.4028,11,7,3,206.82,-5.032,0.232,68.932,-2.847
Asunaprevir,1.884,5.844,3.86,-3.86,1.89,3.96,0.252525253,-5.844,-1.884,5.95,2.09,8.04,2.9485,748.299,3.8538,11,10,3,302.574,-4.91,0.23,71.562,-2.755
Atazanavir,1.821,6.318,4.07,-4.07,1.84,4.5,0.222222222,-6.318,-1.821,5.1,1.93,7.03,2.4745,704.869,4.2116,14,9,5,300.026,-5.259,0.156,63.436,-2.747
Darunavir,1.175,6.144,3.66,-3.66,1.35,4.97,0.201207243,-6.144,-1.175,4.84,1.18,6.02,2.6485,547.674,2.3753,11,8,3,223.658,-4.984,0.12,71.524,-2.824
Fosamprenavir,1.015,5.948,3.48,-3.48,1.23,4.93,0.202839757,-5.948,-1.015,4.51,1.02,5.53,2.8445,585.616,2.5198,13,8,4,228.278,-5.089,0.018,65.759,-2.746
Indinavir,1.089,6.257,3.67,-3.67,1.31,5.17,0.193423598,-6.257,-1.089,4.77,1.1,5.87,2.5355,613.803,2.8669,11,7,4,266.218,-4.932,1.085,73.27,-2.98
Lopinavir,0.893,6.551,3.72,-3.72,1.22,5.66,0.176678445,-6.551,-0.893,4.66,0.94,5.6,2.2415,628.814,4.32814,15,5,4,272.275,-5.25,0.873,73.499,-2.816
Nelfinavir,1.733,5.767,3.75,-3.75,1.74,4.03,0.248138958,-5.767,-1.733,5.61,1.86,7.47,3.0255,567.796,4.74762,9,6,4,242.67,-5.958,1.027,79.74,-3.126
Ritonavir,1.463,6.512,3.99,-3.99,1.58,5.05,0.198019802,-6.512,-1.463,5.46,1.47,6.93,2.2805,720.962,5.9052,17,9,4,302.058,-5.223,0.121,75.418,-2.732
Saquinavir,2.65,6.335,4.49,-4.49,2.74,3.68,0.27173913,-6.335,-2.65,7.95,3.46,11.41,2.4575,670.855,3.0924,12,7,5,287.961,-4.86,0.268,70.559,-2.822
Telaprevir,2.616,7.016,4.82,-4.82,2.64,4.4,0.227272727,-7.016,-2.616,7.95,3.14,11.09,1.7765,679.863,2.4459,13,8,4,288.454,-4.653,0.282,67.291,-2.777
Tipranavir,2.659,6.147,4.4,-4.4,2.78,3.49,0.286532951,-6.147,-2.659,7.98,3.57,11.55,2.6455,602.675,7.3255,11,6,2,243.056,-6.634,0.595,91.796,-2.857
"pyrrolo[1,2-a]quinoline BQ-01",2.3551,5.9207,4.1379,-4.1379,2.4011,3.5655,0.280465573,-5.9207,-2.3551,7.094,2.9561,10.0501,2.8718,496.31,5.07,5,7,0,83.33,-6.094,0.971,90.775,-5.15
BQ-02,2.2455,5.8513,4.1484,-4.1484,2.5264,3.4058,0.293616771,-5.8513,-2.2455,7.3399,3.1916,10.5315,2.9412,438.28,5.31,4,5,0,57.02,-5.854,1.153,90.411,-4.69
BQ-03,2.6011,5.9443,4.2727,-4.2727,2.7304,3.3432,0.299114621,-5.9443,-2.6011,7.806,3.5333,11.3393,2.8482,500.73,5.69,4,6,0,74.1,-6.528,0.898,89.16,-4.71
BQ-04,2.5666,5.9158,4.2412,-4.2412,2.6854,3.3492,0.298578765,-5.9158,-2.5666,7.7006,3.4595,11.1601,2.8767,443.7,5.93,3,4,0,47.79,-6.325,1.165,88.795,-4.26
BQ-05,2.9456,5.9634,4.4545,-4.4545,2.2877,3.0177,0.331378202,-5.9634,-2.9456,8.9912,4.5367,13.5279,2.8291,491.3,4.76,4,7,0,97.89,-6.053,0.783,86.731,-5.3
BQ-06,2.7737,5.9552,4.3644,-4.3644,2.9936,3.1816,0.314307267,-5.9552,-2.7737,8.3682,4.0037,12.3719,2.8373,433.26,5,3,5,0,71.58,-5.802,0.921,90.619,-4.85
BQ-07,2.5225,5.9381,4.2303,-4.2303,2.6197,3.4156,0.29277433,-5.9381,-2.5225,7.5679,3.3377,10.9056,2.8544,466.29,5.01,4,6,0,74.1,-5.96,0.949,90.821,-4.95
BQ-08,2.5239,5.9073,4.2156,-4.2156,2.6262,3.3835,0.295551943,-5.9073,-2.5239,7.5716,3.356,10.9276,2.8852,408.25,5.25,3,4,0,47.79,-5.654,1.169,90.456,-4.49
Complejo HL,2.25,5.87,4.06,-4.06,2.28,3.62,0.276243094,-5.87,-2.25,10.81194079,4.365800439,15.17774123,2.9225,256.331,0.9717,3,6,3,104.92,-1.971,0.3,64.644,-2.84
Complejo Co(II),2.51,6.81,4.66,-4.66,2.53,4.3,0.23255814,-6.81,-2.51,13.00008893,5.07993083,18.08001976,1.9825,563.531,2.9017,2,12,2,206.604,-2.773,-0.753,80.195,-2.735
Complejo Ni(II),2.72,7,4.86,-4.86,2.76,4.28,0.23364486,-7,-2.72,12.7409058,5.204384058,17.94528986,1.7925,568.144,2.9017,2,12,2,206.553,-2.773,-0.753,80.206,-2.735
Complejo Cu(II),2.29,7.04,4.67,-4.67,2.3,4.75,0.210526316,-7.04,-2.29,14.89206793,5.257828804,20.14989674,1.7525,563.291,2.9017,2,12,2,206.654,-2.773,-0.753,80.184,-2.735
Complejo Zn(II),2.58,6.84,4.71,-4.71,2.6,4.26,0.234741784,-6.84,-2.58,12.82716346,5.110009615,17.93717308,1.9525,569.988,2.9017,2,12,2,206.119,-2.772,-0.754,80.297,-2.735
Pashinintide A,0.9796,5.5424,3.261,-3.261,1.1653,4.5628,0.219163671,-5.5424,-0.9796,4.2463,0.9853,5.2316,3.2501,565.631,2.2891,2,5,6,172.81,-3.186,0.814,63.936,-2.736
Pashinintide B,1.221,5.6589,3.4399,-3.4399,1.3332,4.4379,0.225331801,-5.6589,-1.221,4.6637,1.2238,5.8875,3.1336,714.821,-1.8264,9,8,9,238.09,-3.377,0.803,31.004,-2.735
cyclopentadepsipeptide,1.03,6.72,3.8787,-3.8787,1.3222,5.6894,0.175765459,-6.72,-1.03,4.9392,1.0605,5.9997,2.0725,588.705,2.0048,5,2,5,125.12,-4.711,0.907,70.79,-2.737
Neamphamide A,1.4875,5.4725,3.48,-3.48,1.31,4.64,0.215517241,-5.4725,-1.4875,4.64,1.161,5.801,3.32,1688.949,-7.6948,38,25,22,689.362,-2.892,-0.643,0,-2.735
Neamphamide B,1.3275,5.2925,3.31,-3.31,1.18,4.62,0.216450216,-5.2925,-1.3275,4.31,1,5.31,3.5,1574.845,-6.055,36,23,20,644.689,-2.892,-0.671,0,-2.735
Neamphamide C,1.4375,5.5425,3.49,-3.49,1.28,4.77,0.209643606,-5.5425,-1.4375,4.6,1.11,5.71,3.25,1575.829,-5.03636,36,23,22,644.143,-2.892,-1.776,0,-2.735
Neamphamide D,1.3075,5.5725,3.44,-3.44,1.2,4.94,0.20242915,-5.5725,-1.3075,4.42,0.98,5.4,3.22,1588.872,-5.24556,37,23,22,651.054,-2.892,-2.332,0,-2.735
Orientin,2.2875,6.0125,4.15,-4.15,2.31,3.73,0.268096515,-6.0125,-2.2875,6.93,2.78,9.71,2.78,448.38,-0.2027,3,11,8,178.788,-2.905,-1.25,43.733,-9.14
Alliin,0.4575,6.4225,3.44,-3.44,0.99,5.96,0.167785235,-6.4225,-0.4575,4.09,0.64,4.73,2.37,177.225,-0.667,5,3,2,67.544,-2.888,0.619,76.495,-9.14
Trimethadione,0.8475,8.0125,4.43,-4.43,1.37,7.16,0.139664804,-8.0125,-0.8475,5.41,0.98,6.39,0.78,143.142,0.3736,0,3,0,58.755,-0.428,1.183,100,-6.96
Dicumarol,2.1875,6.4525,4.32,-4.32,2.19,4.26,0.234741784,-6.4525,-2.1875,6.81,2.49,9.3,2.34,336.299,2.9014,2,6,2,139.738,-3.983,0.203,93.074,6.88
Melatonin,0.8775,5.5825,3.23,-3.23,1.11,4.71,0.212314225,-5.5825,-0.8775,4.12,0.89,5.01,3.21,232.283,1.8551,4,2,2,99.972,-2.472,1.218,94.164,6.59
Homophymine A,1.0875,6.3505,3.719,-3.719,1.314,5.263,0.1900057,-6.3505,-1.0875,4.817,1.098,5.915,2.442,1598.9,-4.5201,39,24,19,653.408,-2.892,-0.31,0,-2.74
Homophymine B,0.9995,6.6545,3.827,-3.827,1.295,5.655,0.17683466,-6.6545,-0.9995,4.856,1.029,5.885,2.138,1584.873,-4.9102,38,24,19,647.043,-2.892,-0.79,0,-2.74
Homophymine C,1.1745,6.3175,3.746,-3.746,1.364,5.143,0.194439043,-6.3175,-1.1745,4.923,1.177,6.1,2.475,1612.927,-4.13,40,24,19,659.773,-2.892,-0.62,0,-2.74
Homophymine D,0.9935,6.2585,3.626,-3.626,1.248,5.265,0.189933523,-6.2585,-0.9935,4.638,1.013,5.651,2.534,1626.954,-3.884,40,24,19,666.138,-2.892,-0.82,0,-2.74
Homophymine E,1.1175,5.9505,3.534,-3.534,1.293,4.833,0.206910821,-5.9505,-1.1175,4.654,1.12,5.774,2.842,1640.981,-3.4939,41,24,19,672.503,-2.892,-0.68,0,-2.74
Homophymine A1,1.0965,6.3095,3.703,-3.703,1.315,5.214,0.191791331,-6.3095,-1.0965,4.807,1.104,5.911,2.483,1597.916,-5.1194,39,24,19,653.954,-2.892,-0.39,0,-2.74
Homophymine B1,0.9365,5.9375,3.437,-3.437,1.181,5.001,0.199960008,-5.9375,-0.9365,4.394,0.957,5.351,2.855,1583.889,-5.5095,38,24,19,647.589,-2.892,-0.58,0,-2.74
Homophymine C1,1.0275,6.1125,3.57,-3.57,1.253,5.085,0.196656834,-6.1125,-1.0275,4.61,1.039,5.649,2.68,1611.943,-4.7293,40,24,19,660.319,-2.892,-0.48,0,-2.74
Homophymine D1,0.9645,6.0975,3.531,-3.531,1.215,5.132,0.194855807,-6.0975,-0.9645,4.516,0.985,5.501,2.695,1625.97,-4.4833,40,24,19,666.684,-2.892,-0.47,0,-2.74
Homophymine E1,1.4475,6.4625,3.955,-3.955,1.56,5.015,0.199401795,-6.4625,-1.4475,5.41,1.455,6.865,2.33,1639.997,-4.0932,41,24,19,673.049,-2.892,-0.4,0,-2.74
Aspergillipeptide D,1.04,6.09,3.5617,-3.5617,1.2564,5.0483,0.198086485,-6.09,-1.04,4.6093,1.0476,5.6569,2.7025,727.859,2.3793,9,8,4,309.561,-3.589,0.61,67.99,-2.735
Veraguamide A,0.884,6.635,3.76,-3.76,1.229,5.751,0.173882803,-6.635,-0.884,4.697,0.937,5.634,2.1575,767.803,4.1297,8,8,1,306.758,-3.418,0.884,50.928,-2.735
Veraguamide B,0.942,6.637,3.79,-3.79,1.261,5.695,0.175592625,-6.637,-0.942,4.772,0.983,5.755,2.1555,753.776,3.7396,7,8,1,300.393,-3.026,0.915,57.246,-2.735
Veraguamide C,0.993,6.812,3.903,-3.903,1.309,5.819,0.171850833,-6.812,-0.993,4.932,1.03,5.962,1.9805,688.907,3.4071,8,8,1,292.89,-3.415,0.926,50.092,-2.736
Veraguamide D,0.748,6.661,3.704,-3.704,1.16,5.913,0.169118891,-6.661,-0.748,4.543,0.838,5.381,2.1315,702.934,3.7972,9,8,1,299.255,-3.592,0.903,50.76,-2.735
Veraguamide E,0.717,6.873,3.795,-3.795,1.17,6.156,0.162443145,-6.873,-0.717,4.621,0.827,5.448,1.9195,716.961,4.1873,10,8,1,305.62,-4.009,0.868,50.936,-2.735
Veraguamide F,1.016,6.717,3.867,-3.867,1.311,5.702,0.175377061,-6.717,-1.016,4.912,1.045,5.957,2.0755,722.924,3.6037,8,8,1,308.853,-3.009,1.056,61.655,-2.735
Veraguamide G,0.771,6.697,3.734,-3.734,1.177,5.926,0.168747891,-6.697,-0.771,4.59,0.856,5.446,2.0955,690.923,3.9599,9,8,1,293.201,-3.418,0.892,52.413,-2.734
Apratoxin A,1.22,6.24,3.73,-3.73,1.39,5.02,0.199203187,-6.24,-1.22,4.95,1.22,6.17,2.5525,840.141,5.2785,5,10,2,355.634,-4.597,0.791,59.825,-2.735
Apratoxin B,1.74,6.2,3.97,-3.97,1.76,4.47,0.223713647,-6.2,-1.74,5.79,1.82,7.61,2.5925,826.114,4.9363,5,10,3,349.059,-4.59,0.775,59.106,-2.737
Apratoxin C,1.76,6.04,3.9,-3.9,1.78,4.28,0.23364486,-6.04,-1.76,5.78,1.87,7.65,2.7525,826.114,4.8884,6,10,2,349.269,-4.606,0.8,58.8,-2.737
Apratoxin D,1.38,6.22,3.8,-3.8,1.5,4.84,0.20661157,-6.22,-1.38,5.19,1.39,6.58,2.5725,882.222,6.3047,7,10,2,374.729,-4.596,0.776,61.533,-2.731
Apratoxin E,1.69,6.08,3.88,-3.88,1.72,4.39,0.227790433,-6.08,-1.69,5.65,1.76,7.41,2.7125,796.088,5.6716,5,9,1,338.11,-4.944,0.778,68.164,-2.735
Apratoxin F,1.4,6.19,3.8,-3.8,1.51,4.79,0.208768267,-6.19,-1.4,5.21,1.41,6.62,2.6025,828.13,5.1344,5,10,2,350.275,-4.68,0.744,54.77,-2.736
Apratoxin G,1.79,6.12,3.96,-3.96,1.81,4.33,0.230946882,-6.12,-1.79,5.86,1.91,7.77,2.6725,814.103,4.7443,4,10,2,343.91,-4.1,0.827,54.597,-2.736
alisporivir,1.0123,6.4594,3.7359,-3.7359,1.2811,5.4472,0.183580555,-6.4594,-1.0123,4.7705,1.0347,5.8052,2.3331,1216.662,3.79,15,12,5,278.78,-2.892,1.699,0,-2.735
cyclosporin A,-0.8199,6.5013,3.6606,-3.6606,1.1793,5.6815,0.176009857,-6.5013,0.8199,4.544,0.8833,5.4273,2.2912,1202.635,3.61,15,12,5,278.78,-2.892,1.716,0,-2.735
1 ( FLVMFLSG),0.64,5.85,3.24,-3.24,1.01,5.21,0.19193858,-5.85,-0.64,3.97,0.72,4.69,2.9425,913.152,0.4023,28,11,10,379.724,-2.9,-0.287,0,-2.735
2 ( ILSGAPCIPW),0.77,5.71,3.24,-3.24,1.06,4.94,0.20242915,-5.71,-0.77,4.05,0.81,4.86,3.0825,1056.298,-0.7904,27,13,12,436.705,-2.892,-0.342,0,-2.735
3 ( IRFVT),0.64,6.07,3.35,-3.35,1.03,5.43,0.184162063,-6.07,-0.64,4.08,0.73,4.81,2.7225,634.779,-1.07363,19,8,10,263.701,-2.914,-0.483,0,-2.735
4 ( LFSLVLAG),0.7,6.92,3.81,-3.81,1.17,6.22,0.160771704,-6.92,-0.7,4.63,0.82,5.45,1.8725,819.014,-0.5275,25,10,10,340.909,-2.918,-0.324,0,-2.735
5 (LFVVTLVG),0.75,6.98,3.87,-3.87,1.2,6.23,0.160513644,-6.98,-0.75,4.72,0.86,5.58,1.8125,847.068,0.107,25,10,10,353.639,-2.912,-0.295,0,-2.735
6 ( LVTLVFV),0.66,6.81,3.74,-3.74,1.13,6.16,0.162337662,-6.81,-0.66,4.52,0.79,5.31,1.9825,790.016,0.9908,23,9,9,331.198,-2.912,-0.318,0,-2.735
7 (MPFEF),0.72,5.75,3.23,-3.23,1.04,5.05,0.198019802,-5.75,-0.72,4.01,0.78,4.79,3.0425,669.801,0.947,18,8,6,277.576,-2.923,-0.208,1.527,-2.735
8 (NEVPFEF),0.71,5.73,3.22,-3.22,1.03,5.04,0.198412698,-5.73,-0.71,4.01,0.79,4.8,3.0625,669.801,0.947,18,8,6,277.576,-2.923,-0.208,1.527,-2.735
9 (SDLPFEH),0.83,6.33,3.58,-3.58,1.16,5.51,0.181488203,-6.33,-0.83,4.46,0.88,5.34,2.4625,843.892,-2.6003,24,12,11,343.974,-2.892,-0.939,0,-2.735
10 (SDMPFEF),0.74,5.86,3.3,-3.3,1.06,5.12,0.1953125,-5.86,-0.74,4.09,0.79,4.88,2.9325,871.967,-1.6164,25,12,10,355.304,-2.892,-0.424,0,-2.735
11 ( SIFTLVA),0.87,6.86,3.86,-3.86,1.25,5.99,0.166944908,-6.86,-0.87,4.8,0.94,5.74,1.9325,749.907,-1.309,22,10,10,310.532,-3.012,-0.4,0,-2.735
12 ( SRNAT),0.67,6.05,3.36,-3.36,1.05,5.39,0.185528757,-6.05,-0.67,4.11,0.75,4.86,2.7425,547.57,-6.13083,17,10,12,217.479,-2.894,-0.71,0,-2.735
Ashwagandhanolide,2.0724,5.971,4.0217,-4.0217,2.0744,3.8986,0.256502334,-5.971,-2.0724,6.4032,2.3815,8.7847,2.8215,975.295,6.3769,8,13,6,411.756,-3.159,0.38,63.819,-2.735
Pseudohypericin,3.33,5.29,4.31,-4.31,4.74,1.96,0.510204082,-5.29,-3.33,11.76,7.45,19.21,3.5025,520.449,4.26492,1,9,7,214.753,-4.634,0.097,100,-3.103
Hypericin,3.28,5.27,4.27,-4.27,4.59,1.99,0.502512563,-5.27,-3.28,11.44,7.17,18.61,3.5225,504.45,5.08104,0,8,6,209.958,-4.908,0.069,100,-3.188
Robustaflavone,2.43,6.16,4.3,-4.3,2.47,3.73,0.268096515,-6.16,-2.43,7.33,3.03,10.36,2.6325,538.464,5.134,3,10,6,222.664,-5.489,-0.021,95.018,-3.065
Procyanidin B2,0.68,5.9,3.29,-3.29,1.04,5.21,0.19193858,-5.9,-0.68,4.05,0.76,4.81,2.8925,578.526,2.995,3,12,10,236.95,-4.867,0.071,82.713,-2.899
(-)-Epicatechin-(4beta 8) (-)-epigallocatechin,0.68,5.94,3.31,-3.31,1.04,5.26,0.190114068,-5.94,-0.68,4.07,0.76,4.83,2.8525,594.525,2.7006,3,13,11,241.744,-4.714,0.067,80.495,-2.835
(-)-Epicatechin(4.beta. 8)(-)-4`-methylepigallocatechin,0.68,5.94,3.31,-3.31,1.04,5.26,0.190114068,-5.94,-0.68,4.07,0.76,4.83,2.8525,608.552,3.0036,4,13,10,248.429,-4.787,0.089,80.978,-2.841
Agathisflavone,2.42,6.12,4.27,-4.27,2.46,3.7,0.27027027,-6.12,-2.42,7.29,3.02,10.31,2.6725,538.464,5.134,3,10,6,222.664,-5.489,-0.021,95.018,-3.065
Hinokiflavone,2.46,6.24,4.35,-4.35,2.5,3.78,0.264550265,-6.24,-2.46,7.42,3.07,10.49,2.5525,538.464,5.5537,4,10,5,222.983,-5.604,-0.025,96.926,-3.072
Michellamine B,1.7,5.43,3.56,-3.56,1.8,3.73,0.268096515,-5.43,-1.7,5.42,1.85,7.27,3.3625,756.896,9.05204,5,10,8,325.156,-5.041,0.153,100,-2.786
Rhusflavanone,1.87,6.11,3.99,-3.99,1.87,4.24,0.235849057,-6.11,-1.87,6.01,2.03,8.04,2.6825,542.496,5.0002,3,10,6,226.096,-5.522,0.004,93.829,-3.087
GB-1a 7`-glucoside,1.98,6.25,4.11,-4.11,1.98,4.27,0.234192037,-6.25,-1.98,6.29,2.18,8.47,2.5425,704.637,2.2,6,15,9,287.89,-4.155,0.26,76.71,-2.762
Quercetin 3-O-(2?galloyl) alpha-L-arabinopyranoside,2.52,6.14,4.33,-4.33,2.59,3.62,0.276243094,-6.14,-2.52,7.56,3.23,10.79,2.6525,602.457,1.0133,6,16,9,238.071,-4.429,0.081,68.006,-2.766
Wikstrol B,2.41,5.94,4.16,-4.16,2.47,3.5,0.285714286,-5.94,-2.41,7.23,3.08,10.31,2.8525,542.496,4.3977,3,10,7,225.013,-2.892,0.115,86.507,-2.735
Morelloflavone,2.28,6.06,4.17,-4.17,2.31,3.78,0.264550265,-6.06,-2.28,6.93,2.76,9.69,2.7325,556.479,4.4994,3,11,7,229.174,-2.892,0.046,79.846,-2.735
Quercitrin,2.38,6.1,4.24,-4.24,2.42,3.72,0.268817204,-6.1,-2.38,7.19,2.95,10.14,2.6925,448.38,0.4887,3,11,7,179.107,-2.903,0.048,52.709,-2.735
Actein,0.33,6.6,3.46,-3.46,0.96,6.27,0.159489633,-6.6,-0.33,4.04,0.57,4.61,2.1925,676.844,3.0286,3,11,4,282.844,-4.727,0.455,66.21,-2.744
Rilpivirine,0.22,6.49,3.35,-3.35,0.9,6.28,0.159235669,-6.49,-0.22,3.86,0.51,4.37,2.3025,366.428,4.9891,5,6,2,163.37,-3.784,0.628,92.989,-2.743
brassinolide,0.5271,6.8711,3.6991,-3.6991,1.0784,6.3441,0.157626771,-6.8711,-0.5271,4.403,0.7038,5.1068,1.9214,480.686,3.39,5,6,4,205.021,-4.717,0.643,68.118,-3.348
Dolichin A,0.8431,5.7919,3.3175,-3.3175,1.1119,4.9489,0.202065105,-5.7919,-0.8431,4.1919,0.8744,5.0663,3.0006,340.375,3.187,3,5,3,145.317,-3.428,1.102,92.918,-2.741
2`-hydroxygenistein,2.0134,5.7626,3.888,-3.888,2.0159,3.7492,0.266723568,-5.7626,-2.0134,6.2102,2.3222,8.5324,3.0299,286.239,2.2824,1,6,4,117.313,-3.42,-0.209,82.942,-2.735
kievitone,1.762,5.8748,3.8184,-3.8184,1.6904,4.3127,0.231873304,-5.8748,-1.762,5.5596,1.7411,7.3007,2.9177,356.374,3.3766,3,6,4,150.165,-3.398,0.098,79.415,-2.735
luteolin,2.428,5.9556,4.1918,-4.1918,2.3568,3.7277,0.268261931,-5.9556,-2.428,7.0425,2.8507,9.8932,2.8369,286.239,2.2824,1,6,4,117.313,-3.094,0.096,81.13,-2.735
4-(benzyloxy)benzaldehyde,1.3941,6.3615,3.8778,-3.8778,3.0271,2.4837,0.402625116,-6.3615,-1.3941,5.276566438,1.398766438,6.675332875,2.431,212.248,3.0781,4,2,0,94.493,-3.405,1.686,96.492,-1.965
"3,5-dinitrobenzhydrazide",3.3065,7.6391,5.4728,-5.4728,6.913,2.1663,0.461616581,-7.6391,-3.3065,9.920251212,4.447451212,14.36770242,1.1534,226.148,0.1065,3,6,2,88.124,-2.519,-0.066,72.584,-2.783
"(E)-N'-(4-(benzyloxy)benzylidene)-3,5-dinitrobenzhydrazide",3.2229,5.9789,4.6009,-4.6009,7.6809,1.378,0.725689405,-5.9789,-3.2229,10.15349855,5.552598552,15.7060971,2.8136,378.344,5.4974,7,7,0,158.777,-5.886,0.827,100,-2.732
TAM (tamoxifeno),1.06,5.65,3.36,-3.36,1.23,4.59,0.217864924,-5.65,-1.06,4.42,1.06,5.48,3.1425,371.524,5.9961,8,2,0,168.649,-5.929,1.065,96.885,-2.737
TAM 1F C11,1.15,5.66,3.41,-3.41,1.29,4.51,0.22172949,-5.66,-1.15,4.56,1.15,5.71,3.1325,405.642,6.7162,9,2,0,178.505,-6.321,1.333,93.303,-3.74
TAM 1F C27,1.05,5.66,3.36,-3.36,1.22,4.62,0.216450216,-5.66,-1.05,4.41,1.05,5.46,3.1325,405.642,7.0638,9,2,0,178.505,-6.657,1.158,92.725,-3.29
TAM 2F C11,1.16,5.75,3.46,-3.46,1.3,4.58,0.218340611,-5.75,-1.16,4.62,1.17,5.79,3.0425,423.632,7.0118,9,2,0,182.671,-6.84,1.168,91.803,-3.49
TAM 2F C27,1.04,5.68,3.36,-3.36,1.22,4.64,0.215517241,-5.68,-1.04,4.41,1.05,5.46,3.1125,423.632,7.3594,9,2,0,182.671,-6.915,1.166,91.525,-3.04
TAM 3F C11,1.2,5.79,3.5,-3.5,1.33,4.6,0.217391304,-5.79,-1.2,4.7,1.2,5.9,3.0025,441.622,7.309,8,2,0,186.836,-6.899,1.181,90.672,-3.41
TAM 3F C27,1.04,5.69,3.37,-3.37,1.22,4.64,0.215517241,-5.69,-1.04,4.42,1.05,5.47,3.1025,441.622,7.6566,8,2,0,186.836,-6.962,1.178,90.394,-2.97
Grassypeptolide A,1.5415,6.2425,3.892,-3.892,1.61,4.702,0.212675457,-6.2425,-1.5415,5.46,1.569,7.029,2.55,1102.435,3.5003,9,14,4,461.448,-2.938,1.241,34.719,-2.735
Grassypeptolide B,1.7705,6.4095,4.09,-4.09,1.803,4.639,0.215563699,-6.4095,-1.7705,4.941,1.851,6.792,2.383,1088.408,3.1102,8,14,4,455.083,-2.91,0.888,32.03,-2.735
Grassypeptolide C,1.7485,6.2735,4.011,-4.011,1.778,4.524,0.221043324,-6.2735,-1.7485,5.844,1.833,7.677,2.519,1102.435,3.5003,9,14,4,461.448,-2.938,1.241,34.719,-2.735
Grassypeptolide D,1.8435,6.3845,4.114,-4.114,1.864,4.54,0.220264317,-6.3845,-1.8435,6.069,1.955,8.024,2.408,1116.462,3.8904,9,14,4,467.813,-2.937,1.233,35.615,-2.735
Grassypeptolide E,1.7415,6.2925,4.017,-4.017,1.773,4.551,0.219731927,-6.2925,-1.7415,5.828,1.821,7.649,2.5,1116.462,3.8904,9,14,4,467.813,-2.937,1.233,35.615,-2.735
Grassypeptolide F,1.6395,6.1965,3.918,-3.918,1.683,4.559,0.219346348,-6.1965,-1.6395,5.61,1.693,7.303,2.596,1134.48,4.9721,9,13,3,478.981,-2.911,1.302,53.642,-2.735
Grassypeptolide G,1.6615,6.3345,3.998,-3.998,1.711,4.672,0.214041096,-6.3345,-1.6615,5.713,1.714,7.427,2.458,1116.462,3.8904,9,14,4,467.813,-2.937,1.233,35.615,-2.735
Micropeptin EI964 Marine Cyclopeptide,1.1268,5.826,3.4764,-3.4764,1.2859,4.6991,0.212806708,-5.826,-1.1268,4.6037,1.1273,5.731,2.9665,965.075,-1.7226,15,13,10,398.679,-2.889,-0.308,0,-2.735
Talarolide A,0.93,6.14,3.54,-3.54,1.2,5.21,0.19193858,-6.14,-0.93,4.5,0.96,5.46,2.6525,717.865,0.2534,6,9,5,299.371,-3.154,0.801,33.57,-2.735
Talaropeptide A,0.85,6.22,3.54,-3.54,1.17,5.37,0.186219739,-6.22,-0.85,4.44,0.9,5.34,2.5725,1254.667,3.082,33,13,6,529.841,-2.892,-0.1,0,-2.735
Talaropeptide B,0.92,6.16,3.54,-3.54,1.2,5.24,0.190839695,-6.16,-0.92,4.5,0.95,5.45,2.6325,1353.8,3.2228,36,14,7,571.377,-2.892,-0.085,0,-2.735
Talaropeptide C,1,6.54,3.77,-3.77,1.29,5.54,0.180505415,-6.54,-1,4.8,1.03,5.83,2.2525,1296.704,3.3409,33,13,5,546.942,-2.892,-0.178,0,-2.735
Talaropeptide D,0.92,6.56,3.74,-3.74,1.24,5.63,0.177619893,-6.56,-0.92,4.7,0.96,5.66,2.2325,1395.837,3.4817,36,14,6,588.478,-2.892,-0.162,0,-2.735
Patellamide A,1.9,6.928,4.41,-4.41,1.94,5.03,0.198807157,-6.928,-1.9,6.4,1.98,8.38,1.8645,742.969,4.2121,6,12,4,306.638,-3.726,0.858,85.231,-2.736
Patellamide B,2.066,6.551,4.31,-4.31,2.07,4.48,0.223214286,-6.551,-2.066,6.57,2.27,8.84,2.2415,776.986,4.5512,6,12,4,322.6,-3.736,0.828,89.628,-2.735
Patellamide C,1.921,6.788,4.35,-4.35,1.95,4.87,0.205338809,-6.788,-1.921,6.38,2.02,8.4,2.0045,762.959,4.1611,5,12,4,316.235,-3.667,0.867,88.852,-2.735
Patellamide D,2.004,6.659,4.33,-4.33,2.02,4.65,0.215053763,-6.659,-2.004,6.49,2.16,8.65,2.1335,776.986,4.5512,6,12,4,322.6,-3.585,0.873,89.306,-2.735
Patellamide E,1.99,6.793,4.39,-4.39,2.01,4.8,0.208333333,-6.793,-1.99,6.51,2.12,8.63,1.9995,791.013,4.7972,6,12,4,328.965,-3.924,0.846,90.54,-2.735
Patellamide F,1.99,6.848,4.42,-4.42,2.01,4.86,0.205761317,-6.848,-1.99,6.53,2.11,8.64,1.9445,762.959,4.0186,5,12,4,316.235,-3.861,0.882,84.243,-2.735
Patellamide G,1.962,6.708,4.34,-4.34,1.98,4.75,0.210526316,-6.708,-1.962,6.42,2.09,8.51,2.0845,795.001,3.231,7,12,6,328.102,-3.627,0.702,65.675,-2.735
Stellatolide A,0.9396,6.2605,3.261,-3.261,1.2179,5.3209,0.187938131,-6.2605,-0.9396,4.5684,0.9683,5.5367,2.532,1462.665,-6.0274,32,23,17,597.401,-2.892,-0.76,0,-2.735
Stellatolide B,1.0234,6.2418,3.6326,-3.6326,1.2644,5.2183,0.191633291,-6.2418,-1.0234,4.6712,1.0386,5.7098,2.5507,1448.638,-6.2734,32,23,17,591.036,-2.892,-0.76,0,-2.735
Stellatolide C,0.8531,6.3147,3.5839,-3.5839,1.1759,5.4616,0.183096528,-6.3147,-0.8531,4.485,0.9011,5.3861,2.4778,1448.638,-6.2734,32,23,17,591.036,-2.892,-0.893,0,-2.735
Stellatolide D,1.148,6.2681,3.7081,-3.7081,1.3427,5.1201,0.195308685,-6.2681,-1.148,4.8595,1.1515,6.011,2.5244,1446.666,-4.9982,32,22,16,592.607,-2.892,-0.804,0,-2.735
Stellatolide E,1.0876,6.2118,3.6497,-3.6497,1.2998,5.1242,0.195152414,-6.2118,-1.0876,4.7447,1.0949,5.8396,2.5807,1448.638,-6.2734,32,23,17,591.036,-2.892,-0.648,0,-2.735
Stellatolide F,1.6379,6.2524,3.9451,-3.9451,1.6864,4.6145,0.216708202,-6.2524,-1.6379,5.6338,1.5887,7.2225,2.5401,1429.635,-3.8102,31,21,15,586.577,-2.892,-0.792,0,-2.735
Stellatolide G,1.4128,6.2722,3.8425,-3.8425,1.5192,4.8594,0.205786723,-6.2722,-1.4128,5.2634,1.4209,6.6843,2.5203,1445.634,-4.8394,31,22,16,591.371,-2.892,-0.81,0,-2.735
Stellatolide H,1.1255,5.9647,3.5451,-3.5451,1.2985,4.8393,0.206641456,-5.9647,-1.1255,4.672,1.1269,5.7989,2.8278,1431.651,-4.5711,31,22,16,587.21,-2.892,-0.254,0,-2.735
Saxitoxin,0.32,6.19,3.25,-3.25,0.9,5.87,0.170357751,-6.19,-0.32,4.33,0.54,4.87,2.6025,299.291,-3.09,2,10,6,185,-2.873,-0.241,40.412,-11.41
Domoic Acid,1.26,5.81,3.54,-3.54,1.38,4.55,0.21978022,-5.81,-1.26,4.81,1.27,6.08,2.9825,311.334,-0.91,0,4,4,124,-2.646,-0.313,5.849,-9.09
Okadaic Acid,0.61,6.77,3.69,-3.69,1.11,6.16,0.162337662,-6.77,-0.61,4.44,0.75,5.19,2.0225,805.015,2.87,2,12,5,186,-3.873,-0.342,46.899,-8.79
Ciguatoxin,0.58,6.45,3.52,-3.52,1.05,5.87,0.170357751,-6.45,-0.58,4.23,0.72,4.95,2.3425,1111.329,3.15,3,19,6,241,-3.043,0.894,60.342,-1.34
Kahalalide A,1.1331,5.264,3.1986,-3.1986,1.2383,4.131,0.242072137,-5.264,-1.1331,4.33408897,1.13553897,5.46962794,3.5285,894.08,0.3221,15,11,9,374.734,-2.904,0.051,23.336,-2.735
 Kahalalide B,0.9951,6.1511,3.5731,-3.5731,1.2381,5.156,0.193948798,-6.1511,-0.9951,4.584952756,1.011852756,5.596805512,2.6414,878.037,0.5186,14,11,8,367.573,-2.968,0.68,32.28,-2.735
 Kahalalide C,1.1108,5.8733,3.492,-3.492,1.2802,4.7625,0.209973753,-5.8733,-1.1108,4.604187959,1.112137959,5.716325918,2.9192,913.086,1.9702,17,11,9,384.645,-2.897,0.431,34.335,-2.735
 Kahalalide D,1.1663,5.6485,3.4074,-3.4074,1.2952,4.4823,0.223099748,-5.6485,-1.1663,4.574166972,1.166766972,5.740933944,3.144,595.745,1.8664,10,6,5,251.899,-3.271,0.623,53.29,-2.735
 Kahalalide E,1.0563,5.6409,3.3486,-3.3486,1.2229,4.5846,0.218121537,-5.6409,-1.0563,4.4066609,1.0580609,5.4647218,3.1516,836.088,4.1794,12,8,6,354.567,-3.2,0.683,48.904,-2.735
 Kahalalide F,1.7445,6.3364,4.042,-4.042,1.7801,4.5889,0.217917148,-6.3364,-1.7445,5.862443429,1.821993429,7.684436858,2.4561,1477.899,1.8364,33,17,14,619.778,-2.892,1.134,0,-2.735
Neosaxitoxin,0.27,6.26,3.27,-3.27,0.89,5.99,0.166944908,-6.26,-0.27,3.79,0.52,4.31,2.5325,315.29,-3.03,3,9,7,104,-2.89,-0.187,32.638,-11.41
Gonyautoxin,0.59,6.29,3.44,-3.44,1.04,5.7,0.175438596,-6.29,-0.59,4.16,0.71,4.87,2.5025,411.353,-5.19,5,12,8,257,-2.892,-0.933,4.151,-11.29
Gonyautoxin II,0.59,4.88,2.73,-2.73,0.87,4.29,0.233100233,-4.88,-0.59,3.38,0.65,4.03,3.9125,395.354,-5.2,5,13,7,248,-2.891,-0.878,11.628,-12.84
Gonyautoxin III,-0.05,6.04,2.99,-2.99,0.74,6.1,0.163934426,-6.04,0.05,3.35,0.35,3.7,2.7525,395.354,-5.2,5,13,7,245,-2.891,-0.878,11.628,-12.96
Gonyautoxin IV,-0.05,6,2.97,-2.97,0.73,6.05,0.165289256,-6,0.05,3.33,0.35,3.68,2.7925,411.353,-5.19,5,12,8,257,-2.892,-0.933,4.151,-12.96
Gonyautoxin V,-0.13,5.87,2.87,-2.87,0.69,5.99,0.166944908,-5.87,0.13,3.19,0.32,3.51,2.9225,379.355,-4.98,4,12,7,225,-2.892,-0.817,0,-12.84
Gonyautoxin VI,0.3,5.98,3.14,-3.14,0.87,5.68,0.176056338,-5.98,-0.3,3.66,0.52,4.18,2.8125,395.354,-5.44,4,11,8,242,-2.892,-0.896,0,-12.27
Protogonyautoxin I,0.68,6.22,3.45,-3.45,1.07,5.53,0.180831826,-6.22,-0.68,4.22,0.77,4.99,2.5725,475.418,-5.78,6,15,8,289,-2.892,-1.078,0,-13.23
Protogonyautoxin II,0.48,6.29,3.36,-3.36,0.99,5.81,0.17211704,-6.29,-0.48,4.03,0.64,4.67,2.5025,475.418,-5.78,6,15,8,288,-2.892,-1.078,0,-13.82
Protogonyautoxin III,0.55,6.26,3.41,-3.41,1.02,5.72,0.174825175,-6.26,-0.55,4.09,0.68,4.77,2.5325,491.417,-6.01,6,15,8,305,-2.892,-0.992,0,-14.78
Protogonyautoxin IV,0.47,6.3,3.39,-3.39,0.98,5.82,0.171821306,-6.3,-0.47,4.03,0.64,4.67,2.4925,491.417,-6.01,6,14,9,305,-2.892,-0.897,0,-14.78
Decarbamoyl saxitoxin,0.18,6,3.09,-3.09,0.82,5.82,0.171821306,-6,-0.18,3.54,0.46,4,2.7925,258.282,-6.03,1,7,8,154,-2.891,0.507,25.899,-11.4
 Decarbamoyl neosaxitoxin,0.27,6.31,3.29,-3.29,0.89,6.05,0.165289256,-6.31,-0.27,3.81,0.52,4.33,2.4825,274.281,-6.04,1,8,8,165,-2.888,0.609,29.431,-11.32
 Decarbamoyl gonyautoxin,0.45,6.34,3.39,-3.39,0.98,5.88,0.170068027,-6.34,-0.45,4.02,0.63,4.65,2.4525,356.361,-5.34,2,12,9,218,-2.892,-0.862,0,-13.24
 Decarbamoyl gonyautoxin II,0.56,6.18,3.77,-3.77,1.01,5.61,0.178253119,-6.18,-0.56,4.06,0.69,4.75,2.6125,324.363,-4.48,2,11,9,186,-2.892,-0.171,22.793,-11.25
 Decarbamoyl gonyautoxin III,0.59,6.18,3.38,-3.38,1.02,5.6,0.178571429,-6.18,-0.59,4.09,0.7,4.79,2.6125,340.362,-5.32,2,11,9,207,-2.892,-1.09,0,-13.52
 Decarbamoyl gonyautoxin IV,0.45,6.34,3.4,-3.4,0.98,5.88,0.170068027,-6.34,-0.45,4.02,0.63,4.65,2.4525,356.361,-5.34,2,12,9,218,-2.892,-0.862,0,-13.24
BISARG intermediate melanoidin pigment,3.0639,5.3883,4.2253,-4.2253,3.831,2.324,0.430292599,-5.3883,-3.0639,5.8449,4.4318,10.2767,3.4042,566.571,2.6846,14,9,5,233.337,-2.892,-0.959,30.641,-2.735
dilysyldipyrrolone A,0.085,0.189,3.7285,-3.7285,2.4579,2.8279,0.353619293,-0.189,-0.085,4.0907,2.7866,6.8773,8.6035,317.345,1.9733,7,4,5,132.034,-2.933,0.137,53.89,-2.733
dilysyldipyrrolone B,0.083,0.188,3.6894,-3.6894,2.3921,2.8451,0.351481494,-0.188,-0.083,4.0025,2.7087,6.7112,8.6045,317.345,1.9733,7,4,5,132.034,-2.933,0.137,53.89,-2.733
Melanoidin Blue-G1,0.1271,0.1995,4.4428,-4.4428,4.9457,1.9956,0.501102425,-0.1995,-0.1271,7.1959,5.7429,12.9388,8.593,663.613,-4.3486,17,13,10,263.67,-2.892,-1.173,0,-2.735
cis-resveratrol,1.578,5.589,3.603,-3.603,1.616,4.016,0.249003984,-5.589,-1.578,5.285,1.682,6.967,3.2035,228.247,2.9738,2,3,3,98.911,-3.178,1.17,90.935,-2.737
trans-resveratrol,1.819,5.416,3.636,-3.636,1.838,3.596,0.278086763,-5.416,-1.819,5.718,2.083,7.801,3.3765,228.247,2.9738,2,3,3,98.911,-3.178,1.17,90.935,-2.737
Blue M2 (melanoidin),0.127,0.198,4.482,-4.482,5.2509,1.9129,0.52276648,-0.198,-0.127,7.5633,6.105,13.6683,8.5945,940.842,-8.1221,22,21,15,369.428,-2.892,-1.625,0,-2.735
cis-Piceid,1.51,5.678,3.614,-3.614,1.604,4.071,0.245639892,-5.678,-1.51,5.269,1.656,6.925,3.1145,390.388,0.4469,5,8,6,160.705,-2.575,-0.077,51.086,-2.735
trans-Piceid,1.841,5.464,3.669,-3.669,1.913,3.518,0.284252416,-5.464,-1.841,5.882,2.212,8.094,3.3285,390.388,0.4469,5,8,6,160.705,-2.575,-0.077,51.086,-2.735
Resveratrone-6-O-?-glucoside,2.433,5.596,4.034,-4.034,2.683,3.033,0.329706561,-5.596,-2.433,7.573,3.539,11.112,3.1965,422.386,-0.4037,5,10,7,170.408,-2.409,-0.106,36.855,-2.75
pyrrolopyrrole-2-carbaldehyde,1.9192,5.6214,3.7703,-3.7703,1.9199,3.7021,0.270116961,-5.6214,-1.9192,3.5024,2.1218,5.6242,3.1711,146.149,1.1468,1,3,0,63.296,-0.729,1.797,98.392,-2.521
magnesium octaethylporphyrin,2.171,3.239,2.705,-2.705,3.426,1.068,0.936329588,-3.239,-2.171,8.271,5.566,13.837,5.5535,557.081,8.2466,8,2,0,261.167,-6.103,0.999,97.789,-2.725
1E7H-1 (peptido),0.551,6.421,3.486,-3.486,1.035,5.87,0.170357751,-6.421,-0.551,4.18,0.694,4.874,2.3715,1866.245,-7.07956,67,25,29,763.22,-2.892,-1.433,0,-2.735
1E7H-2,0.406,6.286,3.346,-3.346,0.952,5.88,0.170068027,-6.286,-0.406,3.944,0.598,4.542,2.5065,1866.245,-7.07956,67,25,29,763.22,-2.892,-1.433,0,-2.735
1E7H-3,0.464,6.352,3.408,-3.408,0.986,5.887,0.169865806,-6.352,-0.464,4.045,0.637,4.682,2.4405,1866.245,-7.07956,67,25,29,763.22,-2.892,-1.373,0,-2.735
5L9J-1,0.458,6.443,3.451,-3.451,0.995,5.985,0.167084378,-6.443,-0.458,4.089,0.638,4.727,2.3495,2049.319,-14.386,67,33,31,821.857,-2.892,-1.167,0,-2.735
5L9J-2,0.645,6.322,3.484,-3.484,1.069,5.677,0.176149375,-6.322,-0.645,4.234,0.751,4.985,2.4705,2051.335,-14.5942,68,34,32,822.49,-2.892,-1.312,0,-2.735
5L9J-3,0.66,6.476,3.568,-3.568,1.094,5.816,0.171939477,-6.476,-0.66,4.337,0.768,5.105,2.3165,2049.319,-14.386,67,33,31,821.857,-2.892,-1.157,0,-2.735
5L9J-4,0.781,6.404,3.592,-3.592,1.147,5.624,0.177809388,-6.404,-0.781,4.443,0.85,5.293,2.3885,2049.319,-14.386,67,33,31,821.857,-2.892,-1.083,0,-2.735
2TMP-1,0.197,6.36,3.278,-3.278,0.872,6.163,0.16225864,-6.36,-0.197,3.768,0.49,4.258,2.4325,1813.095,-9.39723,57,27,28,732.075,-2.892,-1.116,0,-2.735
2TMP-2,0.126,6.407,3.267,-3.267,0.85,6.28,0.159235669,-6.407,-0.126,3.725,0.458,4.183,2.3855,1813.095,-10.16803,57,27,28,732.075,-2.892,-1.084,0,-2.735
2TMP-3,0.015,6.349,3.167,-3.167,0.788,6.364,0.157133878,-6.349,-0.015,3.558,0.39,3.948,2.4435,1811.079,-10.53613,57,27,28,731.386,-2.892,-1.042,0,-2.735
2TMP-4,0.116,6.403,3.26,-3.26,0.845,3.287,0.30422878,-6.403,-0.116,3.713,0.453,4.166,2.3895,1813.095,-9.39723,57,27,28,732.075,-2.892,-1.116,0,-2.735
2TMP-5,0.292,6.527,3.41,-3.41,0.932,6.236,0.160359205,-6.527,-0.292,3.959,0.549,4.508,2.2655,1815.111,-10.08813,57,27,28,732.765,-2.892,-1.056,0,-2.735
2TMP-6,0.249,6.25,3.25,-3.25,0.88,6.001,0.166638894,-6.25,-0.249,3.76,0.51,4.27,2.5425,1815.111,-10.08813,57,27,28,732.765,-2.892,-1.088,0,-2.735
pyridoxamine,2.75,6.43,4.65,-4.65,2.38,4.54,0.220264317,-6.43,-2.75,7.36,2.71,10.07,2.3625,168.196,0.04662,2,4,3,70.674,-2.048,0.568,92.1,-2.738
3- hydroxy-4-methylaminopyridine,2.84,6.45,4.69,-4.69,2.46,4.47,0.223713647,-6.45,-2.84,7.55,2.86,10.41,2.3425,124.143,0.8289,1,3,2,53.36,-1.241,1.251,85.43,-3.106
pyridoxamine-5?-phosphate,3.86,6.92,5.35,-5.35,3.88,3.68,0.27173913,-6.92,-3.86,10.67,5.32,15.99,1.8725,248.175,0.16362,4,5,4,92.132,-1.72,-0.251,57.492,-2.736
pyridoxal- 5?-phosphate,2.82,6.46,4.65,-4.65,2.45,4.42,0.226244344,-6.46,-2.82,7.49,2.84,10.33,2.3325,248.175,0.16362,4,5,4,92.132,-1.387,-0.33,57.765,-2.735
KD4-1,0.336,6.241,3.289,-3.289,0.916,5.905,0.16934801,-6.241,-0.336,3.845,0.556,4.401,2.5515,1565.838,-5.9875,47,21,22,639.342,-2.892,-0.831,0,-2.735
KD4-2,0.399,6.323,3.361,-3.361,0.954,5.904,0.169376694,-6.323,-0.399,3.958,0.597,4.555,2.4695,1567.854,-6.4703,48,23,23,639.997,-2.892,-0.956,0,-2.735
KD4-3,0.35,6.451,3.4,-3.4,0.947,6.101,0.163907556,-6.451,-0.35,3.976,0.576,4.552,2.3415,1565.838,-5.77783,47,21,23,639.342,-2.892,-0.987,0,-2.735
KD2-1,0.382,6.418,3.4,-3.4,0.958,6.036,0.165672631,-6.418,-0.382,3.992,0.592,4.584,2.3745,1565.838,-5.77783,47,21,23,639.342,-2.892,-0.91,0,-2.735
KD2-2,0.216,6.297,3.257,-3.257,0.872,6.081,0.164446637,-6.297,-0.216,3.753,0.496,4.249,2.4955,1565.838,-5.9875,47,21,22,639.342,-2.892,-0.912,0,-2.735
KD2-3,0.216,6.297,3.257,-3.257,0.872,6.081,0.164446637,-6.297,-0.216,3.753,0.496,4.249,2.4955,1565.838,-5.9875,47,21,22,639.342,-2.892,-0.912,0,-2.735
KD2-4,0.172,6.306,3.239,-3.239,0.855,6.133,0.16305234,-6.306,-0.172,3.714,0.474,4.188,2.4865,1567.854,-6.4703,48,23,23,639.997,-2.892,-0.87,0,-2.735
KH4-1,0.34,6.447,3.394,-3.394,0.943,6.106,0.163773338,-6.447,-0.34,3.964,0.571,4.535,2.3455,1587.892,-5.28673,47,21,23,651.508,-2.892,-1.096,0,-2.735
KH4-2,0.382,6.329,3.355,-3.355,0.947,5.946,0.168180289,-6.329,-0.382,3.943,0.587,4.53,2.4635,1589.908,-5.9792,48,23,23,652.162,-2.892,-1.066,0,-2.735
KH4-3,0.275,6.371,3.323,-3.323,0.906,6.096,0.164041995,-6.371,-0.275,3.854,0.531,4.385,2.4215,1587.892,-5.4964,47,21,22,651.508,-2.892,-1.024,0,-2.735
RKD4-1,0.578,6.228,3.403,-3.403,1.025,5.649,0.177022482,-6.228,-0.578,4.104,0.701,4.805,2.5645,1567.854,-6.4703,48,23,23,639.997,-2.892,-0.951,0,-2.735
RKD4-2,0.308,6.407,3.357,-3.357,0.924,6.099,0.163961305,-6.407,-0.308,3.908,0.551,4.459,2.3855,1567.854,-6.4703,48,23,23,639.997,-2.892,-0.961,0,-2.735
RKD4-3,0.35,6.358,3.354,-3.354,0.936,6.008,0.16644474,-6.358,-0.35,3.925,0.571,4.496,2.4345,1567.854,-6.4703,48,23,23,639.997,-2.892,-0.951,0,-2.735
K14-1,0.234,6.377,3.306,-3.306,0.889,6.143,0.162786912,-6.377,-0.234,3.816,0.51,4.326,2.4155,1450.75,-4.947,43,19,20,595.215,-2.892,-0.74,0,-2.735
Neohesperidin Dihydrochalcone,1.381,6.088,3.767,-3.767,1.563,4.539,0.220312844,-6.088,-1.381,5.294,1.527,6.821,2.7045,612.581,-1.342,10,15,9,245.193,-2.849,0.292,17.347,-2.735
ethidium bromide,2.576,5.187,3.92,-3.92,2.965,2.592,0.385802469,-5.187,-2.576,8.051,4.131,12.182,3.6055,394.316,1.1358,2,2,2,157.204,-4.803,0.892,93.866,-2.735
SYBR green I (SYBRGI),2.545,5.325,3.926,-3.926,2.882,2.674,0.373971578,-5.325,-2.545,7.894,3.968,11.862,3.4675,509.743,6.8251,9,4,0,225.378,-6.06,0.982,93.69,-2.735
